Entry	Entry name
A0A075B6H9	LV469_HUMAN
A0A0A0MS15	HV349_HUMAN
A0A0B4J1X5	HV374_HUMAN
A0A0C4DH31	HV118_HUMAN
A0A0C4DH38	HV551_HUMAN
A0AVT1	UBA6_HUMAN
A0FGR8	ESYT2_HUMAN
A0MZ66	SHOT1_HUMAN
A1A5B4	ANO9_HUMAN
A1L0T0	HACL2_HUMAN
A2RRP1	NBAS_HUMAN
A2RTX5	SYTC2_HUMAN
A3KMH1	VWA8_HUMAN
A3KN83	SBNO1_HUMAN
A4D1P6	WDR91_HUMAN
A4D1U4	DEN11_HUMAN
A4FU69	EFCB5_HUMAN
A5YKK6	CNOT1_HUMAN
A6NC98	CC88B_HUMAN
A6NDG6	PGP_HUMAN
A6NHL2	TBAL3_HUMAN
A6NHQ2	FBLL1_HUMAN
A6NHR9	SMHD1_HUMAN
A6NIH7	U119B_HUMAN
A6NIK2	LR10B_HUMAN
B0I1T2	MYO1G_HUMAN
B9A064	IGLL5_HUMAN
C9JLW8	MCRI1_HUMAN
E9PRG8	CK098_HUMAN
L0R6Q1	S35U4_HUMAN
O00116	ADAS_HUMAN
O00139	KIF2A_HUMAN
O00148	DX39A_HUMAN
O00151	PDLI1_HUMAN
O00159	MYO1C_HUMAN
O00160	MYO1F_HUMAN
O00161	SNP23_HUMAN
O00165	HAX1_HUMAN
O00170	AIP_HUMAN
O00178	GTPB1_HUMAN
O00182	LEG9_HUMAN
O00186	STXB3_HUMAN
O00193	SMAP_HUMAN
O00203	AP3B1_HUMAN
O00214	LEG8_HUMAN
O00217	NDUS8_HUMAN
O00221	IKBE_HUMAN
O00231	PSD11_HUMAN
O00232	PSD12_HUMAN
O00233	PSMD9_HUMAN
O00244	ATOX1_HUMAN
O00255	MEN1_HUMAN
O00264	PGRC1_HUMAN
O00267	SPT5H_HUMAN
O00273	DFFA_HUMAN
O00291	HIP1_HUMAN
O00299	CLIC1_HUMAN
O00303	EIF3F_HUMAN
O00329	PK3CD_HUMAN
O00330	ODPX_HUMAN
O00339	MATN2_HUMAN
O00400	ACATN_HUMAN
O00410	IPO5_HUMAN
O00422	SAP18_HUMAN
O00429	DNM1L_HUMAN
O00442	RTCA_HUMAN
O00459	P85B_HUMAN
O00461	GOLI4_HUMAN
O00468	AGRIN_HUMAN
O00471	EXOC5_HUMAN
O00478	BT3A3_HUMAN
O00479	HMGN4_HUMAN
O00483	NDUA4_HUMAN
O00487	PSDE_HUMAN
O00499	BIN1_HUMAN
O00501	CLD5_HUMAN
O00505	IMA4_HUMAN
O00534	VMA5A_HUMAN
O00541	PESC_HUMAN
O00560	SDCB1_HUMAN
O00567	NOP56_HUMAN
O00571	DDX3X_HUMAN
O00584	RNT2_HUMAN
O00585	CCL21_HUMAN
O00635	TRI38_HUMAN
O00712	NFIB_HUMAN
O00743	PPP6_HUMAN
O00750	P3C2B_HUMAN
O00754	MA2B1_HUMAN
O00764	PDXK_HUMAN
O14495	PLPP3_HUMAN
O14497	ARI1A_HUMAN
O14526	FCHO1_HUMAN
O14530	TXND9_HUMAN
O14545	TRAD1_HUMAN
O14548	COX7R_HUMAN
O14558	HSPB6_HUMAN
O14561	ACPM_HUMAN
O14569	C56D2_HUMAN
O14579	COPE_HUMAN
O14617	AP3D1_HUMAN
O14618	CCS_HUMAN
O14639	ABLM1_HUMAN
O14647	CHD2_HUMAN
O14653	GOSR2_HUMAN
O14656	TOR1A_HUMAN
O14662	STX16_HUMAN
O14672	ADA10_HUMAN
O14683	P5I11_HUMAN
O14684	PTGES_HUMAN
O14735	CDIPT_HUMAN
O14737	PDCD5_HUMAN
O14744	ANM5_HUMAN
O14745	NHRF1_HUMAN
O14773	TPP1_HUMAN
O14776	TCRG1_HUMAN
O14787	TNPO2_HUMAN
O14791	APOL1_HUMAN
O14818	PSA7_HUMAN
O14828	SCAM3_HUMAN
O14874	BCKD_HUMAN
O14879	IFIT3_HUMAN
O14880	MGST3_HUMAN
O14907	TX1B3_HUMAN
O14908	GIPC1_HUMAN
O14920	IKKB_HUMAN
O14929	HAT1_HUMAN
O14933	UB2L6_HUMAN
O14939	PLD2_HUMAN
O14949	QCR8_HUMAN
O14964	HGS_HUMAN
O14966	RAB7L_HUMAN
O14972	VP26C_HUMAN
O14974	MYPT1_HUMAN
O14976	GAK_HUMAN
O14979	HNRDL_HUMAN
O14980	XPO1_HUMAN
O14981	BTAF1_HUMAN
O15027	SC16A_HUMAN
O15031	PLXB2_HUMAN
O15042	SR140_HUMAN
O15047	SET1A_HUMAN
O15050	TRNK1_HUMAN
O15061	SYNEM_HUMAN
O15067	PUR4_HUMAN
O15075	DCLK1_HUMAN
O15116	LSM1_HUMAN
O15117	FYB1_HUMAN
O15118	NPC1_HUMAN
O15126	SCAM1_HUMAN
O15127	SCAM2_HUMAN
O15143	ARC1B_HUMAN
O15144	ARPC2_HUMAN
O15145	ARPC3_HUMAN
O15160	RPAC1_HUMAN
O15162	PLS1_HUMAN
O15173	PGRC2_HUMAN
O15182	CETN3_HUMAN
O15212	PFD6_HUMAN
O15230	LAMA5_HUMAN
O15247	CLIC2_HUMAN
O15254	ACOX3_HUMAN
O15258	RER1_HUMAN
O15260	SURF4_HUMAN
O15264	MK13_HUMAN
O15269	SPTC1_HUMAN
O15270	SPTC2_HUMAN
O15294	OGT1_HUMAN
O15305	PMM2_HUMAN
O15327	INP4B_HUMAN
O15355	PPM1G_HUMAN
O15357	SHIP2_HUMAN
O15371	EIF3D_HUMAN
O15372	EIF3H_HUMAN
O15379	HDAC3_HUMAN
O15382	BCAT2_HUMAN
O15400	STX7_HUMAN
O15498	YKT6_HUMAN
O15511	ARPC5_HUMAN
O15523	DDX3Y_HUMAN
O15533	TPSN_HUMAN
O15541	R113A_HUMAN
O43143	DHX15_HUMAN
O43148	MCES_HUMAN
O43149	ZZEF1_HUMAN
O43169	CYB5B_HUMAN
O43172	PRP4_HUMAN
O43175	SERA_HUMAN
O43181	NDUS4_HUMAN
O43189	PHF1_HUMAN
O43237	DC1L2_HUMAN
O43242	PSMD3_HUMAN
O43252	PAPS1_HUMAN
O43264	ZW10_HUMAN
O43290	SNUT1_HUMAN
O43293	DAPK3_HUMAN
O43294	TGFI1_HUMAN
O43299	AP5Z1_HUMAN
O43301	HS12A_HUMAN
O43312	MTSS1_HUMAN
O43324	MCA3_HUMAN
O43390	HNRPR_HUMAN
O43395	PRPF3_HUMAN
O43396	TXNL1_HUMAN
O43399	TPD54_HUMAN
O43414	ERI3_HUMAN
O43426	SYNJ1_HUMAN
O43427	FIBP_HUMAN
O43447	PPIH_HUMAN
O43464	HTRA2_HUMAN
O43488	ARK72_HUMAN
O43491	E41L2_HUMAN
O43493	TGON2_HUMAN
O43504	LTOR5_HUMAN
O43516	WIPF1_HUMAN
O43521	B2L11_HUMAN
O43566	RGS14_HUMAN
O43583	DENR_HUMAN
O43586	PPIP1_HUMAN
O43592	XPOT_HUMAN
O43598	DNPH1_HUMAN
O43615	TIM44_HUMAN
O43617	TPPC3_HUMAN
O43633	CHM2A_HUMAN
O43660	PLRG1_HUMAN
O43663	PRC1_HUMAN
O43665	RGS10_HUMAN
O43670	ZN207_HUMAN
O43674	NDUB5_HUMAN
O43676	NDUB3_HUMAN
O43678	NDUA2_HUMAN
O43681	GET3_HUMAN
O43684	BUB3_HUMAN
O43707	ACTN4_HUMAN
O43716	GATC_HUMAN
O43719	HTSF1_HUMAN
O43747	AP1G1_HUMAN
O43752	STX6_HUMAN
O43760	SNG2_HUMAN
O43765	SGTA_HUMAN
O43768	ENSA_HUMAN
O43772	MCAT_HUMAN
O43776	SYNC_HUMAN
O43795	MYO1B_HUMAN
O43805	SSNA1_HUMAN
O43809	CPSF5_HUMAN
O43813	LANC1_HUMAN
O43815	STRN_HUMAN
O43818	U3IP2_HUMAN
O43823	AKAP8_HUMAN
O43824	GTPB6_HUMAN
O43837	IDH3B_HUMAN
O43847	NRDC_HUMAN
O43852	CALU_HUMAN
O43865	SAHH2_HUMAN
O43866	CD5L_HUMAN
O43914	TYOBP_HUMAN
O43920	NDUS5_HUMAN
O43924	PDE6D_HUMAN
O43927	CXL13_HUMAN
O60216	RAD21_HUMAN
O60220	TIM8A_HUMAN
O60231	DHX16_HUMAN
O60232	ZNRD2_HUMAN
O60234	GMFG_HUMAN
O60240	PLIN1_HUMAN
O60256	KPRB_HUMAN
O60262	GBG7_HUMAN
O60264	SMCA5_HUMAN
O60271	JIP4_HUMAN
O60306	AQR_HUMAN
O60313	OPA1_HUMAN
O60315	ZEB2_HUMAN
O60341	KDM1A_HUMAN
O60343	TBCD4_HUMAN
O60443	GSDME_HUMAN
O60449	LY75_HUMAN
O60462	NRP2_HUMAN
O60486	PLXC1_HUMAN
O60488	ACSL4_HUMAN
O60493	SNX3_HUMAN
O60496	DOK2_HUMAN
O60499	STX10_HUMAN
O60502	OGA_HUMAN
O60504	VINEX_HUMAN
O60506	HNRPQ_HUMAN
O60508	PRP17_HUMAN
O60547	GMDS_HUMAN
O60551	NMT2_HUMAN
O60568	PLOD3_HUMAN
O60573	IF4E2_HUMAN
O60610	DIAP1_HUMAN
O60613	SEP15_HUMAN
O60645	EXOC3_HUMAN
O60664	PLIN3_HUMAN
O60669	MOT2_HUMAN
O60701	UGDH_HUMAN
O60711	LPXN_HUMAN
O60716	CTND1_HUMAN
O60739	EIF1B_HUMAN
O60749	SNX2_HUMAN
O60759	CYTIP_HUMAN
O60762	DPM1_HUMAN
O60763	USO1_HUMAN
O60784	TOM1_HUMAN
O60825	F262_HUMAN
O60826	CCD22_HUMAN
O60831	PRAF2_HUMAN
O60832	DKC1_HUMAN
O60841	IF2P_HUMAN
O60869	EDF1_HUMAN
O60879	DIAP2_HUMAN
O60880	SH21A_HUMAN
O60884	DNJA2_HUMAN
O60885	BRD4_HUMAN
O60888	CUTA_HUMAN
O60925	PFD1_HUMAN
O60927	PP1RB_HUMAN
O60934	NBN_HUMAN
O60942	MCE1_HUMAN
O75023	LIRB5_HUMAN
O75027	ABCB7_HUMAN
O75064	DEN4B_HUMAN
O75083	WDR1_HUMAN
O75116	ROCK2_HUMAN
O75122	CLAP2_HUMAN
O75131	CPNE3_HUMAN
O75146	HIP1R_HUMAN
O75150	BRE1B_HUMAN
O75152	ZC11A_HUMAN
O75165	DJC13_HUMAN
O75170	PP6R2_HUMAN
O75175	CNOT3_HUMAN
O75208	COQ9_HUMAN
O75223	GGCT_HUMAN
O75251	NDUS7_HUMAN
O75306	NDUS2_HUMAN
O75312	ZPR1_HUMAN
O75323	NIPS2_HUMAN
O75340	PDCD6_HUMAN
O75347	TBCA_HUMAN
O75348	VATG1_HUMAN
O75351	VPS4B_HUMAN
O75367	H2AY_HUMAN
O75368	SH3L1_HUMAN
O75369	FLNB_HUMAN
O75376	NCOR1_HUMAN
O75380	NDUS6_HUMAN
O75390	CISY_HUMAN
O75391	SPAG7_HUMAN
O75396	SC22B_HUMAN
O75400	PR40A_HUMAN
O75410	TACC1_HUMAN
O75427	LRCH4_HUMAN
O75431	MTX2_HUMAN
O75436	VP26A_HUMAN
O75438	NDUB1_HUMAN
O75439	MPPB_HUMAN
O75448	MED24_HUMAN
O75475	PSIP1_HUMAN
O75477	ERLN1_HUMAN
O75489	NDUS3_HUMAN
O75494	SRS10_HUMAN
O75503	CLN5_HUMAN
O75521	ECI2_HUMAN
O75530	EED_HUMAN
O75531	BAF_HUMAN
O75533	SF3B1_HUMAN
O75534	CSDE1_HUMAN
O75569	PRKRA_HUMAN
O75592	MYCB2_HUMAN
O75607	NPM3_HUMAN
O75608	LYPA1_HUMAN
O75629	CREG1_HUMAN
O75643	U520_HUMAN
O75663	TIPRL_HUMAN
O75676	KS6A4_HUMAN
O75683	SURF6_HUMAN
O75688	PPM1B_HUMAN
O75691	UTP20_HUMAN
O75694	NU155_HUMAN
O75695	XRP2_HUMAN
O75746	CMC1_HUMAN
O75751	S22A3_HUMAN
O75781	PALM_HUMAN
O75791	GRAP2_HUMAN
O75792	RNH2A_HUMAN
O75821	EIF3G_HUMAN
O75822	EIF3J_HUMAN
O75828	CBR3_HUMAN
O75832	PSD10_HUMAN
O75843	AP1G2_HUMAN
O75844	FACE1_HUMAN
O75874	IDHC_HUMAN
O75880	SCO1_HUMAN
O75886	STAM2_HUMAN
O75907	DGAT1_HUMAN
O75915	PRAF3_HUMAN
O75923	DYSF_HUMAN
O75934	SPF27_HUMAN
O75935	DCTN3_HUMAN
O75937	DNJC8_HUMAN
O75940	SPF30_HUMAN
O75947	ATP5H_HUMAN
O75955	FLOT1_HUMAN
O75964	ATP5L_HUMAN
O75995	SASH3_HUMAN
O76003	GLRX3_HUMAN
O76021	RL1D1_HUMAN
O76024	WFS1_HUMAN
O76031	CLPX_HUMAN
O76070	SYUG_HUMAN
O76071	CIAO1_HUMAN
O76076	CCN5_HUMAN
O76094	SRP72_HUMAN
O94760	DDAH1_HUMAN
O94768	ST17B_HUMAN
O94776	MTA2_HUMAN
O94804	STK10_HUMAN
O94819	KBTBB_HUMAN
O94826	TOM70_HUMAN
O94832	MYO1D_HUMAN
O94855	SC24D_HUMAN
O94874	UFL1_HUMAN
O94875	SRBS2_HUMAN
O94886	CSCL1_HUMAN
O94887	FARP2_HUMAN
O94888	UBXN7_HUMAN
O94901	SUN1_HUMAN
O94903	PLPHP_HUMAN
O94905	ERLN2_HUMAN
O94906	PRP6_HUMAN
O94907	DKK1_HUMAN
O94915	FRYL_HUMAN
O94919	ENDD1_HUMAN
O94925	GLSK_HUMAN
O94953	KDM4B_HUMAN
O94956	SO2B1_HUMAN
O94973	AP2A2_HUMAN
O94979	SC31A_HUMAN
O94992	HEXI1_HUMAN
O95070	YIF1A_HUMAN
O95071	UBR5_HUMAN
O95104	SCAF4_HUMAN
O95139	NDUB6_HUMAN
O95140	MFN2_HUMAN
O95163	ELP1_HUMAN
O95167	NDUA3_HUMAN
O95168	NDUB4_HUMAN
O95169	NDUB8_HUMAN
O95182	NDUA7_HUMAN
O95183	VAMP5_HUMAN
O95197	RTN3_HUMAN
O95202	LETM1_HUMAN
O95218	ZRAB2_HUMAN
O95219	SNX4_HUMAN
O95232	LC7L3_HUMAN
O95236	APOL3_HUMAN
O95243	MBD4_HUMAN
O95248	MTMR5_HUMAN
O95249	GOSR1_HUMAN
O95251	KAT7_HUMAN
O95260	ATE1_HUMAN
O95292	VAPB_HUMAN
O95295	SNAPN_HUMAN
O95299	NDUAA_HUMAN
O95302	FKBP9_HUMAN
O95319	CELF2_HUMAN
O95336	6PGL_HUMAN
O95340	PAPS2_HUMAN
O95352	ATG7_HUMAN
O95372	LYPA2_HUMAN
O95373	IPO7_HUMAN
O95379	TFIP8_HUMAN
O95394	AGM1_HUMAN
O95396	MOCS3_HUMAN
O95399	UTS2_HUMAN
O95400	CD2B2_HUMAN
O95425	SVIL_HUMAN
O95428	PPN_HUMAN
O95433	AHSA1_HUMAN
O95445	APOM_HUMAN
O95453	PARN_HUMAN
O95456	PSMG1_HUMAN
O95466	FMNL1_HUMAN
O95470	SGPL1_HUMAN
O95479	G6PE_HUMAN
O95486	SC24A_HUMAN
O95487	SC24B_HUMAN
O95544	NADK_HUMAN
O95562	SFT2B_HUMAN
O95563	MPC2_HUMAN
O95571	ETHE1_HUMAN
O95573	ACSL3_HUMAN
O95613	PCNT_HUMAN
O95619	YETS4_HUMAN
O95630	STABP_HUMAN
O95639	CPSF4_HUMAN
O95644	NFAC1_HUMAN
O95671	ASML_HUMAN
O95674	CDS2_HUMAN
O95716	RAB3D_HUMAN
O95721	SNP29_HUMAN
O95747	OXSR1_HUMAN
O95749	GGPPS_HUMAN
O95758	PTBP3_HUMAN
O95760	IL33_HUMAN
O95777	LSM8_HUMAN
O95782	AP2A1_HUMAN
O95786	DDX58_HUMAN
O95793	STAU1_HUMAN
O95801	TTC4_HUMAN
O95810	CAVN2_HUMAN
O95816	BAG2_HUMAN
O95817	BAG3_HUMAN
O95825	QORL1_HUMAN
O95831	AIFM1_HUMAN
O95834	EMAL2_HUMAN
O95861	BPNT1_HUMAN
O95865	DDAH2_HUMAN
O95870	ABHGA_HUMAN
O95881	TXD12_HUMAN
O95926	SYF2_HUMAN
O95931	CBX7_HUMAN
O95967	FBLN4_HUMAN
O95983	MBD3_HUMAN
O95989	NUDT3_HUMAN
O95999	BCL10_HUMAN
O96000	NDUBA_HUMAN
O96005	CLPT1_HUMAN
O96008	TOM40_HUMAN
O96011	PX11B_HUMAN
O96019	ACL6A_HUMAN
O96033	MOC2A_HUMAN
P00156	CYB_HUMAN
P00167	CYB5_HUMAN
P00325	ADH1B_HUMAN
P00338	LDHA_HUMAN
P00350	6PGD_ECOLI
P00352	AL1A1_HUMAN
P00363	FRDA_ECOLI
P00367	DHE3_HUMAN
P00370	DHE4_ECOLI
P00387	NB5R3_HUMAN
P00390	GSHR_HUMAN
P00393	NDH_ECOLI
P00403	COX2_HUMAN
P00414	COX3_HUMAN
P00441	SODC_HUMAN
P00448	SODM_ECOLI
P00450	CERU_HUMAN
P00452	RIR1_ECOLI
P00488	F13A_HUMAN
P00490	PHSM_ECOLI
P00491	PNPH_HUMAN
P00492	HPRT_HUMAN
P00505	AATM_HUMAN
P00509	AAT_ECOLI
P00550	PTM3C_ECOLI
P00558	PGK1_HUMAN
P00568	KAD1_HUMAN
P00579	RPOD_ECOLI
P00734	THRB_HUMAN
P00736	C1R_HUMAN
P00738	HPT_HUMAN
P00740	FA9_HUMAN
P00747	PLMN_HUMAN
P00748	FA12_HUMAN
P00750	TPA_HUMAN
P00751	CFAB_HUMAN
P00803	LEP_ECOLI
P00813	ADA_HUMAN
P00846	ATP6_HUMAN
P00864	CAPP_ECOLI
P00915	CAH1_HUMAN
P00918	CAH2_HUMAN
P00926	SDHD_ECOLI
P00934	THRC_ECOLI
P00946	MANA_ECOLI
P00954	SYW_ECOLI
P00956	SYI_ECOLI
P00957	SYA_ECOLI
P00959	SYM_ECOLI
P00960	SYGA_ECOLI
P00961	SYGB_ECOLI
P00962	SYQ_ECOLI
P00963	ASNA_ECOLI
P00966	ASSY_HUMAN
P01008	ANT3_HUMAN
P01009	A1AT_HUMAN
P01011	AACT_HUMAN
P01019	ANGT_HUMAN
P01023	A2MG_HUMAN
P01024	CO3_HUMAN
P01031	CO5_HUMAN
P01034	CYTC_HUMAN
P01040	CYTA_HUMAN
P01042	KNG1_HUMAN
P01116	RASK_HUMAN
P01591	IGJ_HUMAN
P01602	KV105_HUMAN
P01619	KV320_HUMAN
P01700	LV147_HUMAN
P01730	CD4_HUMAN
P01732	CD8A_HUMAN
P01834	IGKC_HUMAN
P01857	IGHG1_HUMAN
P01859	IGHG2_HUMAN
P01860	IGHG3_HUMAN
P01861	IGHG4_HUMAN
P01871	IGHM_HUMAN
P01876	IGHA1_HUMAN
P01877	IGHA2_HUMAN
P01880	IGHD_HUMAN
P01889	HLAB_HUMAN
P01893	HLAH_HUMAN
P01903	DRA_HUMAN
P01909	DQA1_HUMAN
P01911	DRB1_HUMAN
P01920	DQB1_HUMAN
P02042	HBD_HUMAN
P02358	RS6_ECOLI
P02359	RS7_ECOLI
P02413	RL15_ECOLI
P02452	CO1A1_HUMAN
P02461	CO3A1_HUMAN
P02462	CO4A1_HUMAN
P02511	CRYAB_HUMAN
P02545	LMNA_HUMAN
P02549	SPTA1_HUMAN
P02585	TNNC2_HUMAN
P02647	APOA1_HUMAN
P02649	APOE_HUMAN
P02652	APOA2_HUMAN
P02654	APOC1_HUMAN
P02655	APOC2_HUMAN
P02656	APOC3_HUMAN
P02671	FIBA_HUMAN
P02675	FIBB_HUMAN
P02679	FIBG_HUMAN
P02730	B3AT_HUMAN
P02743	SAMP_HUMAN
P02745	C1QA_HUMAN
P02746	C1QB_HUMAN
P02747	C1QC_HUMAN
P02748	CO9_HUMAN
P02749	APOH_HUMAN
P02750	A2GL_HUMAN
P02751	FINC_HUMAN
P02753	RET4_HUMAN
P02760	AMBP_HUMAN
P02763	A1AG1_HUMAN
P02765	FETUA_HUMAN
P02766	TTHY_HUMAN
P02774	VTDB_HUMAN
P02786	TFR1_HUMAN
P02787	TRFE_HUMAN
P02788	TRFL_HUMAN
P02790	HEMO_HUMAN
P02792	FRIL_HUMAN
P02794	FRIH_HUMAN
P02918	PBPA_ECOLI
P02919	PBPB_ECOLI
P02925	RBSB_ECOLI
P02930	TOLC_ECOLI
P02931	OMPF_ECOLI
P02943	LAMB_ECOLI
P03004	DNAA_ECOLI
P03817	MIOC_ECOLI
P03841	MALM_ECOLI
P03886	NU1M_HUMAN
P03891	NU2M_HUMAN
P03905	NU4M_HUMAN
P03915	NU5M_HUMAN
P03950	ANGI_HUMAN
P04003	C4BPA_HUMAN
P04004	VTNC_HUMAN
P04036	DAPB_ECOLI
P04040	CATA_HUMAN
P04066	FUCO_HUMAN
P04075	ALDOA_HUMAN
P04079	GUAA_ECOLI
P04080	CYTB_HUMAN
P04083	ANXA1_HUMAN
P04114	APOB_HUMAN
P04150	GCR_HUMAN
P04156	PRIO_HUMAN
P04179	SODM_HUMAN
P04181	OAT_HUMAN
P04196	HRG_HUMAN
P04216	THY1_HUMAN
P04217	A1BG_HUMAN
P04233	HG2A_HUMAN
P04234	CD3D_HUMAN
P04259	K2C6B_HUMAN
P04264	K2C1_HUMAN
P04271	S100B_HUMAN
P04275	VWF_HUMAN
P04350	TBB4A_HUMAN
P04406	G3P_HUMAN
P04424	ARLY_HUMAN
P04425	GSHB_ECOLI
P04439	HLAA_HUMAN
P04440	DPB1_HUMAN
P04632	CPNS1_HUMAN
P04693	TYRB_ECOLI
P04792	HSPB1_HUMAN
P04805	SYE_ECOLI
P04825	AMPN_ECOLI
P04839	CY24B_HUMAN
P04843	RPN1_HUMAN
P04844	RPN2_HUMAN
P04899	GNAI2_HUMAN
P04920	B3A2_HUMAN
P04921	GLPC_HUMAN
P04951	KDSB_ECOLI
P04982	RBSD_ECOLI
P04983	RBSA_ECOLI
P05020	PYRC_ECOLI
P05023	AT1A1_HUMAN
P05055	PNP_ECOLI
P05090	APOD_HUMAN
P05091	ALDH2_HUMAN
P05107	ITB2_HUMAN
P05109	S10A8_HUMAN
P05114	HMGN1_HUMAN
P05141	ADT2_HUMAN
P05154	IPSP_HUMAN
P05155	IC1_HUMAN
P05156	CFAI_HUMAN
P05161	ISG15_HUMAN
P05164	PERM_HUMAN
P05165	PCCA_HUMAN
P05166	PCCB_HUMAN
P05186	PPBT_HUMAN
P05198	IF2A_HUMAN
P05204	HMGN2_HUMAN
P05362	ICAM1_HUMAN
P05386	RLA1_HUMAN
P05387	RLA2_HUMAN
P05388	RLA0_HUMAN
P05413	FABPH_HUMAN
P05452	TETN_HUMAN
P05455	LA_HUMAN
P05459	PDXB_ECOLI
P05546	HEP2_HUMAN
P05556	ITB1_HUMAN
P05706	PTHA_ECOLI
P05707	SRLD_ECOLI
P05771	KPCB_HUMAN
P05783	K1C18_HUMAN
P05825	FEPA_ECOLI
P05852	TSAD_ECOLI
P05976	MYL1_HUMAN
P05997	CO5A2_HUMAN
P06127	CD5_HUMAN
P06129	BTUB_ECOLI
P06132	DCUP_HUMAN
P06239	LCK_HUMAN
P06241	FYN_HUMAN
P06312	KV401_HUMAN
P06340	DOA_HUMAN
P06396	GELS_HUMAN
P06400	RB_HUMAN
P06454	PTMA_HUMAN
P06576	ATPB_HUMAN
P06612	TOP1_ECOLI
P06681	CO2_HUMAN
P06702	S10A9_HUMAN
P06703	S10A6_HUMAN
P06715	GSHR_ECOLI
P06720	AGAL_ECOLI
P06727	APOA4_HUMAN
P06729	CD2_HUMAN
P06730	IF4E_HUMAN
P06733	ENOA_HUMAN
P06734	FCER2_HUMAN
P06737	PYGL_HUMAN
P06744	G6PI_HUMAN
P06748	NPM_HUMAN
P06753	TPM3_HUMAN
P06756	ITAV_HUMAN
P06865	HEXA_HUMAN
P06959	ODP2_ECOLI
P06968	DUT_ECOLI
P06992	RSMA_ECOLI
P06996	OMPC_ECOLI
P07001	PNTA_ECOLI
P07004	PROA_ECOLI
P07012	RF2_ECOLI
P07014	SDHB_ECOLI
P07099	HYEP_HUMAN
P07108	ACBP_HUMAN
P07118	SYV_ECOLI
P07195	LDHB_HUMAN
P07199	CENPB_HUMAN
P07203	GPX1_HUMAN
P07205	PGK2_HUMAN
P07237	PDIA1_HUMAN
P07305	H10_HUMAN
P07311	ACYP1_HUMAN
P07333	CSF1R_HUMAN
P07339	CATD_HUMAN
P07355	ANXA2_HUMAN
P07357	CO8A_HUMAN
P07358	CO8B_HUMAN
P07360	CO8G_HUMAN
P07384	CAN1_HUMAN
P07395	SYFB_ECOLI
P07437	TBB5_HUMAN
P07585	PGS2_HUMAN
P07602	SAP_HUMAN
P07604	TYRR_ECOLI
P07650	TYPH_ECOLI
P07686	HEXB_HUMAN
P07737	PROF1_HUMAN
P07738	PMGE_HUMAN
P07741	APT_HUMAN
P07766	CD3E_HUMAN
P07813	SYL_ECOLI
P07814	SYEP_HUMAN
P07858	CATB_HUMAN
P07900	HS90A_HUMAN
P07902	GALT_HUMAN
P07910	HNRPC_HUMAN
P07913	TDH_ECOLI
P07919	QCR6_HUMAN
P07942	LAMB1_HUMAN
P07948	LYN_HUMAN
P07954	FUMH_HUMAN
P07996	TSP1_HUMAN
P08047	SP1_HUMAN
P08123	CO1A2_HUMAN
P08133	ANXA6_HUMAN
P08194	GLPT_ECOLI
P08195	4F2_HUMAN
P08200	IDH_ECOLI
P08201	NIRB_ECOLI
P08236	BGLR_HUMAN
P08237	PFKAM_HUMAN
P08238	HS90B_HUMAN
P08240	SRPRA_HUMAN
P08244	PYRF_ECOLI
P08246	ELNE_HUMAN
P08294	SODE_HUMAN
P08311	CATG_HUMAN
P08312	SYFA_ECOLI
P08390	USG_ECOLI
P08397	HEM3_HUMAN
P08493	MGP_HUMAN
P08559	ODPA_HUMAN
P08567	PLEK_HUMAN
P08571	CD14_HUMAN
P08572	CO4A2_HUMAN
P08574	CY1_HUMAN
P08575	PTPRC_HUMAN
P08579	RU2B_HUMAN
P08603	CFAH_HUMAN
P08621	RU17_HUMAN
P08622	DNAJ_ECOLI
P08631	HCK_HUMAN
P08637	FCG3A_HUMAN
P08670	VIME_HUMAN
P08697	A2AP_HUMAN
P08708	RS17_HUMAN
P08754	GNAI3_HUMAN
P08758	ANXA5_HUMAN
P08839	PT1_ECOLI
P08865	RSSA_HUMAN
P08962	CD63_HUMAN
P08997	MASY_ECOLI
P09012	SNRPA_HUMAN
P09104	ENOG_HUMAN
P09110	THIK_HUMAN
P09127	HEMX_ECOLI
P09147	GALE_ECOLI
P09148	GAL7_ECOLI
P09158	SPEE_ECOLI
P09169	OMPT_ECOLI
P09211	GSTP1_HUMAN
P09234	RU1C_HUMAN
P09323	PTW3C_ECOLI
P09326	CD48_HUMAN
P09372	GRPE_ECOLI
P09373	PFLB_ECOLI
P09382	LEG1_HUMAN
P09394	GLPQ_ECOLI
P09417	DHPR_HUMAN
P09424	MTLD_ECOLI
P09429	HMGB1_HUMAN
P09455	RET1_HUMAN
P09467	F16P1_HUMAN
P09493	TPM1_HUMAN
P09496	CLCA_HUMAN
P09497	CLCB_HUMAN
P09525	ANXA4_HUMAN
P09543	CN37_HUMAN
P09546	PUTA_ECOLI
P09564	CD7_HUMAN
P09601	HMOX1_HUMAN
P09619	PGFRB_HUMAN
P09622	DLDH_HUMAN
P09651	ROA1_HUMAN
P09661	RU2A_HUMAN
P09668	CATH_HUMAN
P09669	COX6C_HUMAN
P09693	CD3G_HUMAN
P09831	GLTB_ECOLI
P09871	C1S_HUMAN
P09874	PARP1_HUMAN
P09914	IFIT1_HUMAN
P09917	LOX5_HUMAN
P09960	LKHA4_HUMAN
P09972	ALDOC_HUMAN
P0A6A3	ACKA_ECOLI
P0A6A8	ACP_ECOLI
P0A6B7	ISCS_ECOLI
P0A6D3	AROA_ECOLI
P0A6D7	AROK_ECOLI
P0A6E4	ASSY_ECOLI
P0A6E6	ATPE_ECOLI
P0A6F3	GLPK_ECOLI
P0A6F5	CH60_ECOLI
P0A6F9	CH10_ECOLI
P0A6G7	CLPP_ECOLI
P0A6H1	CLPX_ECOLI
P0A6H5	HSLU_ECOLI
P0A6J5	DADA_ECOLI
P0A6J8	DDLA_ECOLI
P0A6K3	DEF_ECOLI
P0A6K6	DEOB_ECOLI
P0A6L0	DEOC_ECOLI
P0A6L2	DAPA_ECOLI
P0A6L4	NANA_ECOLI
P0A6M8	EFG_ECOLI
P0A6N4	EFP_ECOLI
P0A6N8	EFPL_ECOLI
P0A6P1	EFTS_ECOLI
P0A6P5	DER_ECOLI
P0A6P7	ENGB_ECOLI
P0A6P9	ENO_ECOLI
P0A6Q3	FABA_ECOLI
P0A6Q6	FABZ_ECOLI
P0A6R0	FABH_ECOLI
P0A6R3	FIS_ECOLI
P0A6S7	GPDA_ECOLI
P0A6T1	G6PI_ECOLI
P0A6T5	GCH1_ECOLI
P0A6U3	MNMG_ECOLI
P0A6U5	RSMG_ECOLI
P0A6V1	GLGC_ECOLI
P0A6V8	GLK_ECOLI
P0A6W5	GREA_ECOLI
P0A6X3	HFQ_ECOLI
P0A6X7	IHFA_ECOLI
P0A6Y1	IHFB_ECOLI
P0A6Y5	HSLO_ECOLI
P0A6Y8	DNAK_ECOLI
P0A6Z1	HSCA_ECOLI
P0A6Z3	HTPG_ECOLI
P0A705	IF2_ECOLI
P0A707	IF3_ECOLI
P0A715	KDSA_ECOLI
P0A717	KPRS_ECOLI
P0A722	LPXA_ECOLI
P0A734	MINE_ECOLI
P0A742	MSCL_ECOLI
P0A749	MURA_ECOLI
P0A759	NAGB_ECOLI
P0A761	NANE_ECOLI
P0A763	NDK_ECOLI
P0A780	NUSB_ECOLI
P0A784	ORN_ECOLI
P0A790	PAND_ECOLI
P0A794	PDXJ_ECOLI
P0A796	PFKA_ECOLI
P0A799	PGK_ECOLI
P0A7A2	GPMB_ECOLI
P0A7A7	PLSB_ECOLI
P0A7A9	IPYR_ECOLI
P0A7B5	PROB_ECOLI
P0A7B8	HSLV_ECOLI
P0A7C2	LEXA_ECOLI
P0A7C6	PEPE_ECOLI
P0A7D1	PTH_ECOLI
P0A7D4	PURA_ECOLI
P0A7D7	PUR7_ECOLI
P0A7E1	PYRD_ECOLI
P0A7E5	PYRG_ECOLI
P0A7E9	PYRH_ECOLI
P0A7F6	SPED_ECOLI
P0A7F9	QUEA_ECOLI
P0A7G2	RBFA_ECOLI
P0A7G6	RECA_ECOLI
P0A7I4	RF3_ECOLI
P0A7J0	RIBB_ECOLI
P0A7J3	RL10_ECOLI
P0A7J7	RL11_ECOLI
P0A7K2	RL7_ECOLI
P0A7K6	RL19_ECOLI
P0A7L0	RL1_ECOLI
P0A7L3	RL20_ECOLI
P0A7L8	RL27_ECOLI
P0A7M2	RL28_ECOLI
P0A7M6	RL29_ECOLI
P0A7N4	RL32_ECOLI
P0A7N9	RL33_ECOLI
P0A7R1	RL9_ECOLI
P0A7R5	RS10_ECOLI
P0A7R9	RS11_ECOLI
P0A7S3	RS12_ECOLI
P0A7S9	RS13_ECOLI
P0A7T3	RS16_ECOLI
P0A7T7	RS18_ECOLI
P0A7U3	RS19_ECOLI
P0A7U7	RS20_ECOLI
P0A7V0	RS2_ECOLI
P0A7V3	RS3_ECOLI
P0A7V8	RS4_ECOLI
P0A7W1	RS5_ECOLI
P0A7W7	RS8_ECOLI
P0A7X3	RS9_ECOLI
P0A7X6	RIMM_ECOLI
P0A7Y0	RNC_ECOLI
P0A7Z0	RPIA_ECOLI
P0A7Z4	RPOA_ECOLI
P0A800	RPOZ_ECOLI
P0A805	RRF_ECOLI
P0A817	METK_ECOLI
P0A825	GLYA_ECOLI
P0A830	DCTA_ECOLI
P0A832	SSRP_ECOLI
P0A836	SUCC_ECOLI
P0A850	TIG_ECOLI
P0A853	TNAA_ECOLI
P0A855	TOLB_ECOLI
P0A858	TPIS_ECOLI
P0A862	TPX_ECOLI
P0A870	TALB_ECOLI
P0A887	UBIE_ECOLI
P0A8A0	YEBC_ECOLI
P0A8A2	YEEN_ECOLI
P0A8B5	YBAB_ECOLI
P0A8C4	YGFB_ECOLI
P0A8E5	YACL_ECOLI
P0A8E7	YAJQ_ECOLI
P0A8F0	UPP_ECOLI
P0A8F4	URK_ECOLI
P0A8G6	NQOR_ECOLI
P0A8I5	TRMB_ECOLI
P0A8I8	RLMH_ECOLI
P0A8J4	YBED_ECOLI
P0A8J8	RHLB_ECOLI
P0A8K1	PSD_ECOLI
P0A8L1	SYS_ECOLI
P0A8M0	SYN_ECOLI
P0A8M3	SYT_ECOLI
P0A8M6	YEEX_ECOLI
P0A8N3	SYK1_ECOLI
P0A8N5	SYK2_ECOLI
P0A8P3	FETP_ECOLI
P0A8R0	RRAA_ECOLI
P0A8T1	PRMA_ECOLI
P0A8T7	RPOC_ECOLI
P0A8V2	RPOB_ECOLI
P0A8W5	YQGE_ECOLI
P0A8W8	YFBU_ECOLI
P0A8X0	YJGA_ECOLI
P0A8Y5	YIDA_ECOLI
P0A903	BAMC_ECOLI
P0A905	SLYB_ECOLI
P0A908	MIPA_ECOLI
P0A910	OMPA_ECOLI
P0A912	PAL_ECOLI
P0A915	OMPW_ECOLI
P0A917	OMPX_ECOLI
P0A927	TSX_ECOLI
P0A937	BAME_ECOLI
P0A940	BAMA_ECOLI
P0A953	FABB_ECOLI
P0A955	ALKH_ECOLI
P0A962	ASPG1_ECOLI
P0A972	CSPE_ECOLI
P0A988	DPO3B_ECOLI
P0A991	ALF1_ECOLI
P0A993	F16PA_ECOLI
P0A998	FTNA_ECOLI
P0A9A6	FTSZ_ECOLI
P0A9A9	FUR_ECOLI
P0A9B2	G3P1_ECOLI
P0A9B6	E4PD_ECOLI
P0A9C0	GLPA_ECOLI
P0A9C5	GLN1B_ECOLI
P0A9D4	CYSE_ECOLI
P0A9D8	DAPD_ECOLI
P0A9E5	FNR_ECOLI
P0A9G6	ACEA_ECOLI
P0A9J6	RBSK_ECOLI
P0A9J8	CMPDT_ECOLI
P0A9K3	PHOL_ECOLI
P0A9K9	SLYD_ECOLI
P0A9L3	FKBB_ECOLI
P0A9L5	PPIC_ECOLI
P0A9L8	P5CR_ECOLI
P0A9M0	LON_ECOLI
P0A9M2	HPRT_ECOLI
P0A9M5	XGPT_ECOLI
P0A9M8	PTA_ECOLI
P0A9P0	DLDH_ECOLI
P0A9P4	TRXB_ECOLI
P0A9P6	DEAD_ECOLI
P0A9Q1	ARCA_ECOLI
P0A9Q5	ACCD_ECOLI
P0A9Q7	ADHE_ECOLI
P0A9Q9	DHAS_ECOLI
P0A9T0	SERA_ECOLI
P0A9U3	YBIT_ECOLI
P0A9V1	LPTB_ECOLI
P0A9W3	ETTA_ECOLI
P0A9W6	IBAG_ECOLI
P0A9X4	MREB_ECOLI
P0A9X9	CSPA_ECOLI
P0A9Y6	CSPC_ECOLI
P0AA04	PTHP_ECOLI
P0AA10	RL13_ECOLI
P0AA25	THIO_ECOLI
P0AA39	RLUC_ECOLI
P0AA43	RSUA_ECOLI
P0AA91	YEAY_ECOLI
P0AAB4	UBID_ECOLI
P0AAB6	GALF_ECOLI
P0AAC8	ISCA_ECOLI
P0AAD6	SDAC_ECOLI
P0AAE0	CYCA_ECOLI
P0AAF6	ARTP_ECOLI
P0AAG3	GLTL_ECOLI
P0AAH0	PSTB_ECOLI
P0AAI3	FTSH_ECOLI
P0AAI5	FABF_ECOLI
P0AAI9	FABD_ECOLI
P0AAJ5	FDOH_ECOLI
P0AAS7	YBCJ_ECOLI
P0AAT6	IOJAP_ECOLI
P0AAT9	YBEL_ECOLI
P0AAX8	YBIS_ECOLI
P0AB28	YCED_ECOLI
P0AB52	YCHN_ECOLI
P0AB71	ALF_ECOLI
P0AB77	KBL_ECOLI
P0AB80	ILVE_ECOLI
P0AB89	PUR8_ECOLI
P0AB91	AROG_ECOLI
P0ABA0	ATPF_ECOLI
P0ABA4	ATPD_ECOLI
P0ABA6	ATPG_ECOLI
P0ABB0	ATPA_ECOLI
P0ABB4	ATPB_ECOLI
P0ABC3	HFLC_ECOLI
P0ABC7	HFLK_ECOLI
P0ABD3	BFR_ECOLI
P0ABD5	ACCA_ECOLI
P0ABD8	BCCP_ECOLI
P0ABF1	PCNB_ECOLI
P0ABF6	CDD_ECOLI
P0ABH7	CISY_ECOLI
P0ABH9	CLPA_ECOLI
P0ABI4	CORA_ECOLI
P0ABI8	CYOB_ECOLI
P0ABJ1	CYOA_ECOLI
P0ABJ9	CYDA_ECOLI
P0ABK2	CYDB_ECOLI
P0ABK5	CYSK_ECOLI
P0ABN1	KDGL_ECOLI
P0ABN5	DCUA_ECOLI
P0ABP8	DEOD_ECOLI
P0ABQ0	COABC_ECOLI
P0ABQ2	GARR_ECOLI
P0ABQ4	DYR_ECOLI
P0ABS1	DKSA_ECOLI
P0ABT2	DPS_ECOLI
P0ABU0	MENB_ECOLI
P0ABU2	YCHF_ECOLI
P0ABU5	ELBB_ECOLI
P0ABU7	EXBB_ECOLI
P0ABU9	TOLQ_ECOLI
P0ABZ6	SURA_ECOLI
P0AC02	BAMD_ECOLI
P0AC19	FOLX_ECOLI
P0AC33	FUMA_ECOLI
P0AC38	ASPA_ECOLI
P0AC41	SDHA_ECOLI
P0AC44	DHSD_ECOLI
P0AC47	FRDB_ECOLI
P0AC53	G6PD_ECOLI
P0AC59	GLRX2_ECOLI
P0AC62	GLRX3_ECOLI
P0AC69	GLRX4_ECOLI
P0ACA3	SSPA_ECOLI
P0ACB2	HEM2_ECOLI
P0ACB7	HEMY_ECOLI
P0ACC3	ERPA_ECOLI
P0ACC7	GLMU_ECOLI
P0ACD4	ISCU_ECOLI
P0ACE7	HINT_ECOLI
P0ACF0	DBHA_ECOLI
P0ACF4	DBHB_ECOLI
P0ACF8	HNS_ECOLI
P0ACG1	STPA_ECOLI
P0ACJ0	LRP_ECOLI
P0ACJ8	CRP_ECOLI
P0ACP7	PURR_ECOLI
P0ACQ4	OXYR_ECOLI
P0ACR9	MPRA_ECOLI
P0ACX3	YDHR_ECOLI
P0ACY1	YDJA_ECOLI
P0AD33	YFCZ_ECOLI
P0AD49	YFIA_ECOLI
P0AD61	KPYK1_ECOLI
P0AD65	MRDA_ECOLI
P0AD68	FTSI_ECOLI
P0ADA5	YAJG_ECOLI
P0ADB7	ECNB_ECOLI
P0ADC1	LPTE_ECOLI
P0ADE6	KBP_ECOLI
P0ADE8	YGFZ_ECOLI
P0ADG4	SUHB_ECOLI
P0ADG7	IMDH_ECOLI
P0ADK0	YIAF_ECOLI
P0ADN2	YIFE_ECOLI
P0ADR6	RLMM_ECOLI
P0ADS2	ZAPA_ECOLI
P0ADS6	YGGE_ECOLI
P0ADT8	YGIM_ECOLI
P0ADW3	YHCB_ECOLI
P0ADY1	PPID_ECOLI
P0ADY3	RL14_ECOLI
P0ADY7	RL16_ECOLI
P0ADZ0	RL23_ECOLI
P0ADZ4	RS15_ECOLI
P0ADZ7	YAJC_ECOLI
P0AE01	TRMJ_ECOLI
P0AE06	ACRA_ECOLI
P0AE08	AHPC_ECOLI
P0AE18	MAP1_ECOLI
P0AE52	BCP_ECOLI
P0AE78	CORC_ECOLI
P0AE88	CPXR_ECOLI
P0AEB2	DACA_ECOLI
P0AEB7	YOAB_ECOLI
P0AEC0	YOAE_ECOLI
P0AEE1	DCRB_ECOLI
P0AEE5	DGAL_ECOLI
P0AEG4	DSBA_ECOLI
P0AEH5	ELAB_ECOLI
P0AEI1	MIAB_ECOLI
P0AEI4	RIMO_ECOLI
P0AEK2	FABG_ECOLI
P0AEK4	FABI_ECOLI
P0AEM0	FKBX_ECOLI
P0AEM9	TCYJ_ECOLI
P0AEN1	FRE_ECOLI
P0AEP3	GALU_ECOLI
P0AEQ1	GLCG_ECOLI
P0AEQ3	GLNH_ECOLI
P0AES4	GYRA_ECOLI
P0AES6	GYRB_ECOLI
P0AET8	HDHA_ECOLI
P0AEU7	SKP_ECOLI
P0AEW6	INGK_ECOLI
P0AEW9	K1PF_ECOLI
P0AEX3	KGTP_ECOLI
P0AEX9	MALE_ECOLI
P0AEY5	MDAB_ECOLI
P0AEZ3	MIND_ECOLI
P0AEZ9	MOAB_ECOLI
P0AF03	MOG_ECOLI
P0AF08	APBC_ECOLI
P0AF12	MTNN_ECOLI
P0AF24	NAGD_ECOLI
P0AF36	ZAPB_ECOLI
P0AF67	TSAE_ECOLI
P0AF93	RIDA_ECOLI
P0AFC3	NUOA_ECOLI
P0AFC7	NUOB_ECOLI
P0AFD1	NUOE_ECOLI
P0AFD6	NUOI_ECOLI
P0AFF2	NUPC_ECOLI
P0AFF6	NUSA_ECOLI
P0AFG0	NUSG_ECOLI
P0AFG3	ODO1_ECOLI
P0AFG6	ODO2_ECOLI
P0AFG8	ODP1_ECOLI
P0AFI2	PARC_ECOLI
P0AFJ7	PITA_ECOLI
P0AFK0	PMBA_ECOLI
P0AFK9	POTD_ECOLI
P0AFM6	PSPA_ECOLI
P0AFP6	GCH1L_ECOLI
P0AFW4	RNK_ECOLI
P0AFY8	SEQA_ECOLI
P0AFZ3	SSPB_ECOLI
P0AG07	RPE_ECOLI
P0AG27	YIBN_ECOLI
P0AG30	RHO_ECOLI
P0AG44	RL17_ECOLI
P0AG48	RL21_ECOLI
P0AG51	RL30_ECOLI
P0AG55	RL6_ECOLI
P0AG59	RS14_ECOLI
P0AG63	RS17_ECOLI
P0AG67	RS1_ECOLI
P0AG86	SECB_ECOLI
P0AG90	SECD_ECOLI
P0AG93	SECF_ECOLI
P0AG99	SECG_ECOLI
P0AGA2	SECY_ECOLI
P0AGD3	SODF_ECOLI
P0AGD7	SRP54_ECOLI
P0AGE0	SSB_ECOLI
P0AGE9	SUCD_ECOLI
P0AGG8	TLDD_ECOLI
P0AGI1	RBSC_ECOLI
P0AGJ5	YFIF_ECOLI
P0AGJ9	SYY_ECOLI
P0AGK8	ISCR_ECOLI
P0AGL2	TDCF_ECOLI
P0C018	RL18_ECOLI
P0C037	PPNP_ECOLI
P0C0L5	CO4B_HUMAN
P0C0R7	RLME_ECOLI
P0C0S1	MSCS_ECOLI
P0C0V0	DEGP_ECOLI
P0C870	JMJD7_HUMAN
P0C8J6	GATY_ECOLI
P0C960	EMTA_ECOLI
P0CAP2	GRL1A_HUMAN
P0CG12	DERPC_HUMAN
P0DMC7	RCSB_ECOLI
P0DTT0	BIPA_ECOLI
P0DTU4	TRBR2_HUMAN
P10100	RLPA_ECOLI
P10121	FTSY_ECOLI
P10153	RNAS2_HUMAN
P10155	RO60_HUMAN
P10253	LYAG_HUMAN
P10301	RRAS_HUMAN
P10321	HLAC_HUMAN
P10346	GLNQ_ECOLI
P10384	FADL_ECOLI
P10398	ARAF_HUMAN
P10408	SECA_ECOLI
P10412	H14_HUMAN
P10415	BCL2_HUMAN
P10515	ODP2_HUMAN
P10599	THIO_HUMAN
P10606	COX5B_HUMAN
P10619	PPGB_HUMAN
P10636	TAU_HUMAN
P10643	CO7_HUMAN
P10644	KAP0_HUMAN
P10768	ESTD_HUMAN
P10809	CH60_HUMAN
P10909	CLUS_HUMAN
P11021	BIP_HUMAN
P11047	LAMC1_HUMAN
P11049	CD37_HUMAN
P11117	PPAL_HUMAN
P11142	HSP7C_HUMAN
P11166	GTR1_HUMAN
P11171	EPB41_HUMAN
P11172	UMPS_HUMAN
P11177	ODPB_HUMAN
P11182	ODB2_HUMAN
P11215	ITAM_HUMAN
P11216	PYGB_HUMAN
P11217	PYGM_HUMAN
P11233	RALA_HUMAN
P11234	RALB_HUMAN
P11274	BCR_HUMAN
P11277	SPTB1_HUMAN
P11279	LAMP1_HUMAN
P11308	ERG_HUMAN
P11310	ACADM_HUMAN
P11387	TOP1_HUMAN
P11413	G6PD_HUMAN
P11441	UBL4A_HUMAN
P11498	PYC_HUMAN
P11557	DAMX_ECOLI
P11586	C1TC_HUMAN
P11678	PERE_HUMAN
P11717	MPRI_HUMAN
P11766	ADHX_HUMAN
P11836	CD20_HUMAN
P11875	SYR_ECOLI
P11908	PRPS2_HUMAN
P11940	PABP1_HUMAN
P12004	PCNA_HUMAN
P12081	HARS1_HUMAN
P12107	COBA1_HUMAN
P12109	CO6A1_HUMAN
P12110	CO6A2_HUMAN
P12111	CO6A3_HUMAN
P12235	ADT1_HUMAN
P12236	ADT3_HUMAN
P12268	IMDH2_HUMAN
P12270	TPR_HUMAN
P12273	PIP_HUMAN
P12277	KCRB_HUMAN
P12429	ANXA3_HUMAN
P12694	ODBA_HUMAN
P12724	ECP_HUMAN
P12758	UDP_ECOLI
P12814	ACTN1_HUMAN
P12931	SRC_HUMAN
P12955	PEPD_HUMAN
P12956	XRCC6_HUMAN
P13010	XRCC5_HUMAN
P13024	FDHE_ECOLI
P13029	KATG_ECOLI
P13033	GLPB_ECOLI
P13035	GLPD_ECOLI
P13039	FES_ECOLI
P13073	COX41_HUMAN
P13284	GILT_HUMAN
P13473	LAMP2_HUMAN
P13489	RINI_HUMAN
P13498	CY24A_HUMAN
P13612	ITA4_HUMAN
P13639	EF2_HUMAN
P13667	PDIA4_HUMAN
P13686	PPA5_HUMAN
P13693	TCTP_HUMAN
P13716	HEM2_HUMAN
P13727	PRG2_HUMAN
P13747	HLAE_HUMAN
P13765	DOB_HUMAN
P13796	PLSL_HUMAN
P13797	PLST_HUMAN
P13798	ACPH_HUMAN
P13804	ETFA_HUMAN
P13807	GYS1_HUMAN
P13861	KAP2_HUMAN
P13929	ENOB_HUMAN
P13987	CD59_HUMAN
P14081	SELB_ECOLI
P14174	MIF_HUMAN
P14207	FOLR2_HUMAN
P14209	CD99_HUMAN
P14222	PERF_HUMAN
P14314	GLU2B_HUMAN
P14316	IRF2_HUMAN
P14317	HCLS1_HUMAN
P14324	FPPS_HUMAN
P14384	CBPM_HUMAN
P14406	CX7A2_HUMAN
P14543	NID1_HUMAN
P14550	AK1A1_HUMAN
P14555	PA2GA_HUMAN
P14618	KPYM_HUMAN
P14621	ACYP2_HUMAN
P14625	ENPL_HUMAN
P14735	IDE_HUMAN
P14780	MMP9_HUMAN
P14854	CX6B1_HUMAN
P14866	HNRPL_HUMAN
P14868	SYDC_HUMAN
P14900	MURD_ECOLI
P14921	ETS1_HUMAN
P14923	PLAK_HUMAN
P14927	QCR7_HUMAN
P15034	AMPP_ECOLI
P15078	CSTA_ECOLI
P15088	CBPA3_HUMAN
P15090	FABP4_HUMAN
P15104	GLNA_HUMAN
P15121	ALDR_HUMAN
P15144	AMPN_HUMAN
P15153	RAC2_HUMAN
P15170	ERF3A_HUMAN
P15288	PEPD_ECOLI
P15289	ARSA_HUMAN
P15309	PPAP_HUMAN
P15311	EZRI_HUMAN
P15374	UCHL3_HUMAN
P15391	CD19_HUMAN
P15428	PGDH_HUMAN
P15498	VAV_HUMAN
P15502	ELN_HUMAN
P15531	NDKA_HUMAN
P15586	GNS_HUMAN
P15880	RS2_HUMAN
P15924	DESP_HUMAN
P15927	RFA2_HUMAN
P16070	CD44_HUMAN
P16083	NQO2_HUMAN
P16095	SDHL_ECOLI
P16104	H2AX_HUMAN
P16144	ITB4_HUMAN
P16150	LEUK_HUMAN
P16152	CBR1_HUMAN
P16157	ANK1_HUMAN
P16219	ACADS_HUMAN
P16220	CREB1_HUMAN
P16278	BGAL_HUMAN
P16284	PECA1_HUMAN
P16298	PP2BB_HUMAN
P16333	NCK1_HUMAN
P16401	H15_HUMAN
P16402	H13_HUMAN
P16403	H12_HUMAN
P16435	NCPR_HUMAN
P16452	EPB42_HUMAN
P16455	MGMT_HUMAN
P16456	SELD_ECOLI
P16615	AT2A2_HUMAN
P16659	SYP_ECOLI
P16671	CD36_HUMAN
P16885	PLCG2_HUMAN
P16930	FAAA_HUMAN
P16949	STMN1_HUMAN
P16989	YBOX3_HUMAN
P17026	ZNF22_HUMAN
P17050	NAGAB_HUMAN
P17096	HMGA1_HUMAN
P17152	TMM11_HUMAN
P17169	GLMS_ECOLI
P17174	AATC_HUMAN
P17213	BPI_HUMAN
P17252	KPCA_HUMAN
P17443	MURG_ECOLI
P17480	UBF1_HUMAN
P17568	NDUB7_HUMAN
P17612	KAPCA_HUMAN
P17655	CAN2_HUMAN
P17661	DESM_HUMAN
P17693	HLAG_HUMAN
P17706	PTN2_HUMAN
P17813	EGLN_HUMAN
P17844	DDX5_HUMAN
P17858	PFKAL_HUMAN
P17900	SAP3_HUMAN
P17927	CR1_HUMAN
P17931	LEG3_HUMAN
P17952	MURC_ECOLI
P17980	PRS6A_HUMAN
P17987	TCPA_HUMAN
P18031	PTN1_HUMAN
P18077	RL35A_HUMAN
P18085	ARF4_HUMAN
P18124	RL7_HUMAN
P18206	VINC_HUMAN
P18428	LBP_HUMAN
P18433	PTPRA_HUMAN
P18440	ARY1_HUMAN
P18583	SON_HUMAN
P18615	NELFE_HUMAN
P18621	RL17_HUMAN
P18669	PGAM1_HUMAN
P18754	RCC1_HUMAN
P18843	NADE_ECOLI
P18859	ATP5J_HUMAN
P18887	XRCC1_HUMAN
P19174	PLCG1_HUMAN
P19320	VCAM1_HUMAN
P19338	NUCL_HUMAN
P19367	HXK1_HUMAN
P19387	RPB3_HUMAN
P19388	RPAB1_HUMAN
P19397	CD53_HUMAN
P19404	NDUV2_HUMAN
P19447	ERCC3_HUMAN
P19474	RO52_HUMAN
P19525	E2AK2_HUMAN
P19623	SPEE_HUMAN
P19652	A1AG2_HUMAN
P19784	CSK22_HUMAN
P19823	ITIH2_HUMAN
P19827	ITIH1_HUMAN
P19838	NFKB1_HUMAN
P19878	NCF2_HUMAN
P19926	AGP_ECOLI
P19971	TYPH_HUMAN
P20020	AT2B1_HUMAN
P20023	CR2_HUMAN
P20036	DPA1_HUMAN
P20042	IF2B_HUMAN
P20073	ANXA7_HUMAN
P20083	PARE_ECOLI
P20138	CD33_HUMAN
P20160	CAP7_HUMAN
P20273	CD22_HUMAN
P20290	BTF3_HUMAN
P20292	AL5AP_HUMAN
P20338	RAB4A_HUMAN
P20339	RAB5A_HUMAN
P20340	RAB6A_HUMAN
P20591	MX1_HUMAN
P20592	MX2_HUMAN
P20594	ANPRB_HUMAN
P20618	PSB1_HUMAN
P20645	MPRD_HUMAN
P20674	COX5A_HUMAN
P20700	LMNB1_HUMAN
P20701	ITAL_HUMAN
P20702	ITAX_HUMAN
P20774	MIME_HUMAN
P20810	ICAL_HUMAN
P20839	IMDH1_HUMAN
P20933	ASPG_HUMAN
P20936	RASA1_HUMAN
P20962	PTMS_HUMAN
P20963	CD3Z_HUMAN
P20966	PTFBC_ECOLI
P21165	PEPQ_ECOLI
P21170	SPEA_ECOLI
P21266	GSTM3_HUMAN
P21281	VATB2_HUMAN
P21283	VATC1_HUMAN
P21291	CSRP1_HUMAN
P21333	FLNA_HUMAN
P21367	YCAC_ECOLI
P21397	AOFA_HUMAN
P21399	ACOHC_HUMAN
P21507	SRMB_ECOLI
P21513	RNE_ECOLI
P21589	5NTD_HUMAN
P21599	KPYK2_ECOLI
P21645	LPXD_ECOLI
P21695	GPDA_HUMAN
P21730	C5AR1_HUMAN
P21796	VDAC1_HUMAN
P21810	PGS1_HUMAN
P21829	YBHA_ECOLI
P21854	CD72_HUMAN
P21888	SYC_ECOLI
P21889	SYD_ECOLI
P21912	SDHB_HUMAN
P21926	CD9_HUMAN
P21953	ODBB_HUMAN
P21964	COMT_HUMAN
P21980	TGM2_HUMAN
P22033	MUTA_HUMAN
P22059	OSBP1_HUMAN
P22061	PIMT_HUMAN
P22087	FBRL_HUMAN
P22090	RS4Y1_HUMAN
P22102	PUR2_HUMAN
P22105	TENX_HUMAN
P22106	ASNB_ECOLI
P22188	MURE_ECOLI
P22234	PUR6_HUMAN
P22259	PCKA_ECOLI
P22307	SCP2_HUMAN
P22314	UBA1_HUMAN
P22333	ADD_ECOLI
P22352	GPX3_HUMAN
P22392	NDKB_HUMAN
P22523	MUKB_ECOLI
P22524	MUKE_ECOLI
P22570	ADRO_HUMAN
P22612	KAPCG_HUMAN
P22626	ROA2_HUMAN
P22670	RFX1_HUMAN
P22681	CBL_HUMAN
P22694	KAPCB_HUMAN
P22695	QCR2_HUMAN
P22748	CAH4_HUMAN
P22830	HEMH_HUMAN
P22897	MRC1_HUMAN
P23003	TRMA_ECOLI
P23141	EST1_HUMAN
P23142	FBLN1_HUMAN
P23193	TCEA1_HUMAN
P23219	PGH1_HUMAN
P23229	ITA6_HUMAN
P23246	SFPQ_HUMAN
P23258	TBG1_HUMAN
P23284	PPIB_HUMAN
P23368	MAOM_HUMAN
P23381	SYWC_HUMAN
P23396	RS3_HUMAN
P23458	JAK1_HUMAN
P23469	PTPRE_HUMAN
P23497	SP100_HUMAN
P23511	NFYA_HUMAN
P23526	SAHH_HUMAN
P23528	COF1_HUMAN
P23588	IF4B_HUMAN
P23610	HAP40_HUMAN
P23634	AT2B4_HUMAN
P23721	SERC_ECOLI
P23743	DGKA_HUMAN
P23786	CPT2_HUMAN
P23830	PSS_ECOLI
P23839	YICC_ECOLI
P23843	OPPA_ECOLI
P23847	DPPA_ECOLI
P23865	PRC_ECOLI
P23869	PPIB_ECOLI
P23882	FMT_ECOLI
P23893	GSA_ECOLI
P23894	HTPX_ECOLI
P23909	MUTS_ECOLI
P23919	KTHY_HUMAN
P23946	CMA1_HUMAN
P24043	LAMA2_HUMAN
P24158	PRTN3_HUMAN
P24182	ACCC_ECOLI
P24186	FOLD_ECOLI
P24468	COT2_HUMAN
P24534	EF1B_HUMAN
P24539	AT5F1_HUMAN
P24557	THAS_HUMAN
P24666	PPAC_HUMAN
P24723	KPCL_HUMAN
P24752	THIL_HUMAN
P24821	TENA_HUMAN
P24844	MYL9_HUMAN
P24928	RPB1_HUMAN
P25098	ARBK1_HUMAN
P25205	MCM3_HUMAN
P25208	NFYB_HUMAN
P25311	ZA2G_HUMAN
P25325	THTM_HUMAN
P25398	RS12_HUMAN
P25440	BRD2_HUMAN
P25490	TYY1_HUMAN
P25519	HFLX_ECOLI
P25522	MNME_ECOLI
P25553	ALDA_ECOLI
P25685	DNJB1_HUMAN
P25686	DNJB2_HUMAN
P25705	ATPA_HUMAN
P25714	YIDC_ECOLI
P25738	MSYB_ECOLI
P25774	CATS_HUMAN
P25786	PSA1_HUMAN
P25787	PSA2_HUMAN
P25788	PSA3_HUMAN
P25789	PSA4_HUMAN
P25894	LOIP_ECOLI
P25940	CO5A3_HUMAN
P25942	TNR5_HUMAN
P25963	IKBA_HUMAN
P26022	PTX3_HUMAN
P26038	MOES_HUMAN
P26196	DDX6_HUMAN
P26358	DNMT1_HUMAN
P26368	U2AF2_HUMAN
P26373	RL13_HUMAN
P26440	IVD_HUMAN
P26447	S10A4_HUMAN
P26572	MGAT1_HUMAN
P26583	HMGB2_HUMAN
P26599	PTBP1_HUMAN
P26616	MAO1_ECOLI
P26639	SYTC_HUMAN
P26640	SYVC_HUMAN
P26641	EF1G_HUMAN
P26842	CD27_HUMAN
P26885	FKBP2_HUMAN
P26951	IL3RA_HUMAN
P27105	STOM_HUMAN
P27169	PON1_HUMAN
P27248	GCST_ECOLI
P27250	AHR_ECOLI
P27298	OPDA_ECOLI
P27302	TKT1_ECOLI
P27306	STHA_ECOLI
P27338	AOFB_HUMAN
P27348	1433T_HUMAN
P27361	MK03_HUMAN
P27434	RODZ_ECOLI
P27482	CALL3_HUMAN
P27487	DPP4_HUMAN
P27550	ACSA_ECOLI
P27635	RL10_HUMAN
P27694	RFA1_HUMAN
P27695	APEX1_HUMAN
P27701	CD82_HUMAN
P27707	DCK_HUMAN
P27708	PYR1_HUMAN
P27797	CALR_HUMAN
P27816	MAP4_HUMAN
P27824	CALX_HUMAN
P27829	WECC_ECOLI
P27986	P85A_HUMAN
P28062	PSB8_HUMAN
P28065	PSB9_HUMAN
P28066	PSA5_HUMAN
P28067	DMA_HUMAN
P28068	DMB_HUMAN
P28070	PSB4_HUMAN
P28072	PSB6_HUMAN
P28074	PSB5_HUMAN
P28161	GSTM2_HUMAN
P28288	ABCD3_HUMAN
P28331	NDUS1_HUMAN
P28340	DPOD1_HUMAN
P28482	MK01_HUMAN
P28635	METQ_ECOLI
P28676	GRAN_HUMAN
P28799	GRN_HUMAN
P28838	AMPL_HUMAN
P28904	TREC_ECOLI
P28906	CD34_HUMAN
P28907	CD38_HUMAN
P29131	FTSN_ECOLI
P29144	TPP2_HUMAN
P29218	IMPA1_HUMAN
P29350	PTN6_HUMAN
P29353	SHC1_HUMAN
P29372	3MG_HUMAN
P29401	TKT_HUMAN
P29466	CASP1_HUMAN
P29536	LMOD1_HUMAN
P29590	PML_HUMAN
P29622	KAIN_HUMAN
P29692	EF1D_HUMAN
P29728	OAS2_HUMAN
P29966	MARCS_HUMAN
P29972	AQP1_HUMAN
P29992	GNA11_HUMAN
P30038	AL4A1_HUMAN
P30040	ERP29_HUMAN
P30041	PRDX6_HUMAN
P30043	BLVRB_HUMAN
P30044	PRDX5_HUMAN
P30046	DOPD_HUMAN
P30047	GFRP_HUMAN
P30048	PRDX3_HUMAN
P30049	ATPD_HUMAN
P30050	RL12_HUMAN
P30084	ECHM_HUMAN
P30085	KCY_HUMAN
P30086	PEBP1_HUMAN
P30101	PDIA3_HUMAN
P30153	2AAA_HUMAN
P30203	CD6_HUMAN
P30273	FCERG_HUMAN
P30419	NMT1_HUMAN
P30511	HLAF_HUMAN
P30519	HMOX2_HUMAN
P30520	PURA2_HUMAN
P30533	AMRP_HUMAN
P30536	TSPO_HUMAN
P30566	PUR8_HUMAN
P30622	CLIP1_HUMAN
P30626	SORCN_HUMAN
P30711	GSTT1_HUMAN
P30740	ILEU_HUMAN
P30744	SDHM_ECOLI
P30750	METN_ECOLI
P30837	AL1B1_HUMAN
P30850	RNB_ECOLI
P30871	3PASE_ECOLI
P30876	RPB2_HUMAN
P31025	LCN1_HUMAN
P31040	SDHA_HUMAN
P31057	PANB_ECOLI
P31063	YEDD_ECOLI
P31120	GLMM_ECOLI
P31142	THTM_ECOLI
P31146	COR1A_HUMAN
P31150	GDIA_HUMAN
P31151	S10A7_HUMAN
P31153	METK2_HUMAN
P31224	ACRB_ECOLI
P31323	KAP3_HUMAN
P31483	TIA1_HUMAN
P31554	LPTD_ECOLI
P31658	HCHA_ECOLI
P31663	PANC_ECOLI
P31689	DNJA1_HUMAN
P31749	AKT1_HUMAN
P31751	AKT2_HUMAN
P31930	QCR1_HUMAN
P31937	3HIDH_HUMAN
P31939	PUR9_HUMAN
P31942	HNRH3_HUMAN
P31943	HNRH1_HUMAN
P31944	CASPE_HUMAN
P31946	1433B_HUMAN
P31947	1433S_HUMAN
P31948	STIP1_HUMAN
P31949	S10AB_HUMAN
P31979	NUOF_ECOLI
P32019	I5P2_HUMAN
P32119	PRDX2_HUMAN
P32121	ARRB2_HUMAN
P32176	FDOG_ECOLI
P32455	GBP1_HUMAN
P32456	GBP2_HUMAN
P32519	ELF1_HUMAN
P32662	GPH_ECOLI
P32942	ICAM3_HUMAN
P32969	RL9_HUMAN
P33121	ACSL1_HUMAN
P33136	OPGG_ECOLI
P33151	CADH5_HUMAN
P33176	KINH_HUMAN
P33195	GCSP_ECOLI
P33232	LLDD_ECOLI
P33240	CSTF2_HUMAN
P33241	LSP1_HUMAN
P33316	DUT_HUMAN
P33599	NUOCD_ECOLI
P33602	NUOG_ECOLI
P33643	RLUD_ECOLI
P33897	ABCD1_HUMAN
P33908	MA1A1_HUMAN
P33920	NDPA_ECOLI
P33991	MCM4_HUMAN
P33992	MCM5_HUMAN
P33993	MCM7_HUMAN
P34810	CD68_HUMAN
P34896	GLYC_HUMAN
P34897	GLYM_HUMAN
P34910	EVI2B_HUMAN
P34913	HYES_HUMAN
P34932	HSP74_HUMAN
P34949	MPI_HUMAN
P35080	PROF2_HUMAN
P35221	CTNA1_HUMAN
P35222	CTNB1_HUMAN
P35232	PHB_HUMAN
P35236	PTN7_HUMAN
P35237	SPB6_HUMAN
P35240	MERL_HUMAN
P35241	RADI_HUMAN
P35244	RFA3_HUMAN
P35249	RFC4_HUMAN
P35250	RFC2_HUMAN
P35251	RFC1_HUMAN
P35268	RL22_HUMAN
P35269	T2FA_HUMAN
P35270	SPRE_HUMAN
P35340	AHPF_ECOLI
P35475	IDUA_HUMAN
P35527	K1C9_HUMAN
P35542	SAA4_HUMAN
P35555	FBN1_HUMAN
P35573	GDE_HUMAN
P35579	MYH9_HUMAN
P35580	MYH10_HUMAN
P35606	COPB2_HUMAN
P35611	ADDA_HUMAN
P35613	BASI_HUMAN
P35625	TIMP3_HUMAN
P35637	FUS_HUMAN
P35658	NU214_HUMAN
P35659	DEK_HUMAN
P35749	MYH11_HUMAN
P35754	GLRX1_HUMAN
P35813	PPM1A_HUMAN
P35914	HMGCL_HUMAN
P35998	PRS7_HUMAN
P36269	GGT5_HUMAN
P36402	TCF7_HUMAN
P36404	ARL2_HUMAN
P36405	ARL3_HUMAN
P36406	TRI23_HUMAN
P36507	MP2K2_HUMAN
P36542	ATPG_HUMAN
P36543	VATE1_HUMAN
P36551	HEM6_HUMAN
P36578	RL4_HUMAN
P36639	8ODP_HUMAN
P36672	PTTBC_ECOLI
P36683	ACNB_ECOLI
P36776	LONM_HUMAN
P36871	PGM1_HUMAN
P36873	PP1G_HUMAN
P36879	YADG_ECOLI
P36915	GNL1_HUMAN
P36929	RSMB_ECOLI
P36938	PGM_ECOLI
P36954	RPB9_HUMAN
P36955	PEDF_HUMAN
P36957	ODO2_HUMAN
P36969	GPX4_HUMAN
P36979	RLMN_ECOLI
P37051	PURU_ECOLI
P37095	PEPB_ECOLI
P37108	SRP14_HUMAN
P37173	TGFR2_HUMAN
P37194	SLP_ECOLI
P37198	NUP62_HUMAN
P37235	HPCL1_HUMAN
P37349	DHAM_ECOLI
P37440	UCPA_ECOLI
P37665	YIAD_ECOLI
P37666	GHRB_ECOLI
P37685	ALDB_ECOLI
P37689	GPMI_ECOLI
P37744	RMLA1_ECOLI
P37745	RMLC_ECOLI
P37747	GLF_ECOLI
P37749	WBBI_ECOLI
P37750	WBBJ_ECOLI
P37751	WBBK_ECOLI
P37759	RMLB1_ECOLI
P37760	RMLD_ECOLI
P37765	RLUB_ECOLI
P37773	MPL_ECOLI
P37802	TAGL2_HUMAN
P37837	TALDO_HUMAN
P37840	SYUA_HUMAN
P37902	GLTI_ECOLI
P37903	USPF_ECOLI
P38117	ETFB_HUMAN
P38159	RBMX_HUMAN
P38432	COIL_HUMAN
P38489	NFSB_ECOLI
P38571	LICH_HUMAN
P38606	VATA_HUMAN
P38646	GRP75_HUMAN
P38919	IF4A3_HUMAN
P39019	RS19_HUMAN
P39023	RL3_HUMAN
P39059	COFA1_HUMAN
P39060	COIA1_HUMAN
P39173	YEAD_ECOLI
P39177	USPG_ECOLI
P39325	YTFQ_ECOLI
P39656	OST48_HUMAN
P39687	AN32A_HUMAN
P39748	FEN1_HUMAN
P39831	YDFG_ECOLI
P40121	CAPG_HUMAN
P40222	TXLNA_HUMAN
P40227	TCPZ_HUMAN
P40259	CD79B_HUMAN
P40261	NNMT_HUMAN
P40306	PSB10_HUMAN
P40429	RL13A_HUMAN
P40616	ARL1_HUMAN
P40692	MLH1_HUMAN
P40763	STAT3_HUMAN
P40818	UBP8_HUMAN
P40925	MDHC_HUMAN
P40926	MDHM_HUMAN
P40937	RFC5_HUMAN
P40938	RFC3_HUMAN
P40939	ECHA_HUMAN
P41091	IF2G_HUMAN
P41214	EIF2D_HUMAN
P41218	MNDA_HUMAN
P41222	PTGDS_HUMAN
P41223	BUD31_HUMAN
P41226	UBA7_HUMAN
P41227	NAA10_HUMAN
P41236	IPP2_HUMAN
P41240	CSK_HUMAN
P41250	GARS_HUMAN
P41252	SYIC_HUMAN
P41409	RIHA_ECOLI
P41567	EIF1_HUMAN
P41732	TSN7_HUMAN
P42025	ACTY_HUMAN
P42126	ECI1_HUMAN
P42166	LAP2A_HUMAN
P42167	LAP2B_HUMAN
P42224	STAT1_HUMAN
P42226	STAT6_HUMAN
P42229	STA5A_HUMAN
P42285	MTREX_HUMAN
P42330	AK1C3_HUMAN
P42331	RHG25_HUMAN
P42345	MTOR_HUMAN
P42356	PI4KA_HUMAN
P42566	EPS15_HUMAN
P42574	CASP3_HUMAN
P42596	RLMG_ECOLI
P42641	OBG_ECOLI
P42677	RS27_HUMAN
P42696	RBM34_HUMAN
P42704	LPPRC_HUMAN
P42765	THIM_HUMAN
P42766	RL35_HUMAN
P42768	WASP_HUMAN
P42785	PCP_HUMAN
P42858	HD_HUMAN
P43034	LIS1_HUMAN
P43121	MUC18_HUMAN
P43155	CACP_HUMAN
P43243	MATR3_HUMAN
P43246	MSH2_HUMAN
P43250	GRK6_HUMAN
P43251	BTD_HUMAN
P43304	GPDM_HUMAN
P43307	SSRA_HUMAN
P43353	AL3B1_HUMAN
P43378	PTN9_HUMAN
P43403	ZAP70_HUMAN
P43405	KSYK_HUMAN
P43487	RANG_HUMAN
P43490	NAMPT_HUMAN
P43652	AFAM_HUMAN
P43686	PRS6B_HUMAN
P43897	EFTS_HUMAN
P45381	ACY2_HUMAN
P45464	LPOA_ECOLI
P45523	FKBA_ECOLI
P45577	PROQ_ECOLI
P45578	LUXS_ECOLI
P45880	VDAC2_HUMAN
P45954	ACDSB_HUMAN
P45955	CPOB_ECOLI
P45973	CBX5_HUMAN
P45974	UBP5_HUMAN
P45984	MK09_HUMAN
P45985	MP2K4_HUMAN
P46019	KPB2_HUMAN
P46060	RAGP1_HUMAN
P46063	RECQ1_HUMAN
P46087	NOP2_HUMAN
P46100	ATRX_HUMAN
P46108	CRK_HUMAN
P46109	CRKL_HUMAN
P46130	YBHC_ECOLI
P46199	IF2M_HUMAN
P46379	BAG6_HUMAN
P46459	NSF_HUMAN
P46527	CDN1B_HUMAN
P46734	MP2K3_HUMAN
P46736	BRCC3_HUMAN
P46776	RL27A_HUMAN
P46777	RL5_HUMAN
P46778	RL21_HUMAN
P46779	RL28_HUMAN
P46781	RS9_HUMAN
P46782	RS5_HUMAN
P46783	RS10_HUMAN
P46821	MAP1B_HUMAN
P46837	YHGF_ECOLI
P46926	GNPI1_HUMAN
P46937	YAP1_HUMAN
P46939	UTRN_HUMAN
P46940	IQGA1_HUMAN
P46952	3HAO_HUMAN
P46976	GLYG_HUMAN
P46977	STT3A_HUMAN
P47224	MSS4_HUMAN
P47712	PA24A_HUMAN
P47755	CAZA2_HUMAN
P47756	CAPZB_HUMAN
P47897	SYQ_HUMAN
P47914	RL29_HUMAN
P47985	UCRI_HUMAN
P48047	ATPO_HUMAN
P48059	LIMS1_HUMAN
P48147	PPCE_HUMAN
P48163	MAOX_HUMAN
P48382	RFX5_HUMAN
P48426	PI42A_HUMAN
P48444	COPD_HUMAN
P48449	LSS_HUMAN
P48454	PP2BC_HUMAN
P48506	GSH1_HUMAN
P48507	GSH0_HUMAN
P48553	TPC10_HUMAN
P48556	PSMD8_HUMAN
P48634	PRC2A_HUMAN
P48637	GSHB_HUMAN
P48643	TCPE_HUMAN
P48651	PTSS1_HUMAN
P48681	NEST_HUMAN
P48723	HSP13_HUMAN
P48729	KC1A_HUMAN
P48735	IDHP_HUMAN
P48739	PIPNB_HUMAN
P48960	AGRE5_HUMAN
P49006	MRP_HUMAN
P49023	PAXI_HUMAN
P49137	MAPK2_HUMAN
P49189	AL9A1_HUMAN
P49207	RL34_HUMAN
P49247	RPIA_HUMAN
P49257	LMAN1_HUMAN
P49321	NASP_HUMAN
P49327	FAS_HUMAN
P49354	FNTA_HUMAN
P49368	TCPG_HUMAN
P49406	RM19_HUMAN
P49407	ARRB1_HUMAN
P49411	EFTU_HUMAN
P49419	AL7A1_HUMAN
P49454	CENPF_HUMAN
P49458	SRP09_HUMAN
P49459	UBE2A_HUMAN
P49585	PCY1A_HUMAN
P49588	SYAC_HUMAN
P49589	SYCC_HUMAN
P49590	SYHM_HUMAN
P49591	SYSC_HUMAN
P49593	PPM1F_HUMAN
P49711	CTCF_HUMAN
P49720	PSB3_HUMAN
P49721	PSB2_HUMAN
P49736	MCM2_HUMAN
P49747	COMP_HUMAN
P49748	ACADV_HUMAN
P49750	YLPM1_HUMAN
P49755	TMEDA_HUMAN
P49756	RBM25_HUMAN
P49757	NUMB_HUMAN
P49770	EI2BB_HUMAN
P49773	HINT1_HUMAN
P49789	FHIT_HUMAN
P49790	NU153_HUMAN
P49792	RBP2_HUMAN
P49795	RGS19_HUMAN
P49821	NDUV1_HUMAN
P49840	GSK3A_HUMAN
P49841	GSK3B_HUMAN
P49863	GRAK_HUMAN
P49902	5NTC_HUMAN
P49903	SPS1_HUMAN
P49913	CAMP_HUMAN
P49915	GUAA_HUMAN
P49916	DNLI3_HUMAN
P49959	MRE11_HUMAN
P49961	ENTP1_HUMAN
P50135	HNMT_HUMAN
P50148	GNAQ_HUMAN
P50151	GBG10_HUMAN
P50213	IDH3A_HUMAN
P50225	ST1A1_HUMAN
P50238	CRIP1_HUMAN
P50336	PPOX_HUMAN
P50395	GDIB_HUMAN
P50402	EMD_HUMAN
P50416	CPT1A_HUMAN
P50440	GATM_HUMAN
P50452	SPB8_HUMAN
P50453	SPB9_HUMAN
P50454	SERPH_HUMAN
P50552	VASP_HUMAN
P50570	DYN2_HUMAN
P50579	MAP2_HUMAN
P50583	AP4A_HUMAN
P50749	RASF2_HUMAN
P50750	CDK9_HUMAN
P50851	LRBA_HUMAN
P50895	BCAM_HUMAN
P50897	PPT1_HUMAN
P50914	RL14_HUMAN
P50990	TCPQ_HUMAN
P50991	TCPD_HUMAN
P50995	ANX11_HUMAN
P51003	PAPOA_HUMAN
P51114	FXR1_HUMAN
P51148	RAB5C_HUMAN
P51149	RAB7A_HUMAN
P51151	RAB9A_HUMAN
P51153	RAB13_HUMAN
P51159	RB27A_HUMAN
P51178	PLCD1_HUMAN
P51398	RT29_HUMAN
P51452	DUS3_HUMAN
P51531	SMCA2_HUMAN
P51532	SMCA4_HUMAN
P51553	IDH3G_HUMAN
P51570	GALK1_HUMAN
P51571	SSRD_HUMAN
P51572	BAP31_HUMAN
P51580	TPMT_HUMAN
P51606	RENBP_HUMAN
P51608	MECP2_HUMAN
P51610	HCFC1_HUMAN
P51648	AL3A2_HUMAN
P51649	SSDH_HUMAN
P51659	DHB4_HUMAN
P51665	PSMD7_HUMAN
P51688	SPHM_HUMAN
P51692	STA5B_HUMAN
P51784	UBP11_HUMAN
P51798	CLCN7_HUMAN
P51809	VAMP7_HUMAN
P51812	KS6A3_HUMAN
P51857	AK1D1_HUMAN
P51858	HDGF_HUMAN
P51884	LUM_HUMAN
P51888	PRELP_HUMAN
P51911	CNN1_HUMAN
P51970	NDUA8_HUMAN
P51991	ROA3_HUMAN
P52061	IXTPA_ECOLI
P52209	6PGD_HUMAN
P52272	HNRPM_HUMAN
P52294	IMA5_HUMAN
P52298	NCBP2_HUMAN
P52306	GDS1_HUMAN
P52434	RPAB3_HUMAN
P52564	MP2K6_HUMAN
P52565	GDIR1_HUMAN
P52566	GDIR2_HUMAN
P52594	AGFG1_HUMAN
P52597	HNRPF_HUMAN
P52630	STAT2_HUMAN
P52643	LDHD_ECOLI
P52644	HSLJ_ECOLI
P52655	TF2AA_HUMAN
P52697	6PGL_ECOLI
P52701	MSH6_HUMAN
P52756	RBM5_HUMAN
P52788	SPSY_HUMAN
P52790	HXK3_HUMAN
P52799	EFNB2_HUMAN
P52815	RM12_HUMAN
P52888	THOP1_HUMAN
P52907	CAZA1_HUMAN
P52943	CRIP2_HUMAN
P52948	NUP98_HUMAN
P53004	BIEA_HUMAN
P53007	TXTP_HUMAN
P53041	PPP5_HUMAN
P53365	ARFP2_HUMAN
P53367	ARFP1_HUMAN
P53384	NUBP1_HUMAN
P53396	ACLY_HUMAN
P53582	MAP11_HUMAN
P53597	SUCA_HUMAN
P53602	MVD1_HUMAN
P53609	PGTB1_HUMAN
P53618	COPB_HUMAN
P53621	COPA_HUMAN
P53634	CATC_HUMAN
P53680	AP2S1_HUMAN
P53801	PTTG_HUMAN
P53814	SMTN_HUMAN
P53990	IST1_HUMAN
P53992	SC24C_HUMAN
P53999	TCP4_HUMAN
P54136	SYRC_HUMAN
P54252	ATX3_HUMAN
P54289	CA2D1_HUMAN
P54577	SYYC_HUMAN
P54578	UBP14_HUMAN
P54619	AAKG1_HUMAN
P54652	HSP72_HUMAN
P54709	AT1B3_HUMAN
P54725	RD23A_HUMAN
P54727	RD23B_HUMAN
P54802	ANAG_HUMAN
P54819	KAD2_HUMAN
P54852	EMP3_HUMAN
P54886	P5CS_HUMAN
P54920	SNAA_HUMAN
P54922	ADPRH_HUMAN
P55008	AIF1_HUMAN
P55010	IF5_HUMAN
P55036	PSMD4_HUMAN
P55039	DRG2_HUMAN
P55058	PLTP_HUMAN
P55060	XPO2_HUMAN
P55072	TERA_HUMAN
P55081	MFAP1_HUMAN
P55083	MFAP4_HUMAN
P55084	ECHB_HUMAN
P55145	MANF_HUMAN
P55160	NCKPL_HUMAN
P55196	AFAD_HUMAN
P55209	NP1L1_HUMAN
P55212	CASP6_HUMAN
P55263	ADK_HUMAN
P55265	DSRAD_HUMAN
P55268	LAMB2_HUMAN
P55290	CAD13_HUMAN
P55327	TPD52_HUMAN
P55735	SEC13_HUMAN
P55769	NH2L1_HUMAN
P55786	PSA_HUMAN
P55795	HNRH2_HUMAN
P55809	SCOT1_HUMAN
P55884	EIF3B_HUMAN
P55899	FCGRN_HUMAN
P55957	BID_HUMAN
P56134	ATPK_HUMAN
P56182	RRP1_HUMAN
P56192	SYMC_HUMAN
P56199	ITA1_HUMAN
P56211	ARP19_HUMAN
P56279	TCL1A_HUMAN
P56377	AP1S2_HUMAN
P56385	ATP5I_HUMAN
P56537	IF6_HUMAN
P56545	CTBP2_HUMAN
P56556	NDUA6_HUMAN
P56580	PTHB_ECOLI
P57075	UBS3A_HUMAN
P57088	TMM33_HUMAN
P57105	SYJ2B_HUMAN
P57737	CORO7_HUMAN
P57740	NU107_HUMAN
P57764	GSDMD_HUMAN
P57772	SELB_HUMAN
P58107	EPIPL_HUMAN
P58546	MTPN_HUMAN
P59768	GBG2_HUMAN
P59998	ARPC4_HUMAN
P60033	CD81_HUMAN
P60059	SC61G_HUMAN
P60174	TPIS_HUMAN
P60228	EIF3E_HUMAN
P60293	MUKF_ECOLI
P60390	RSMH_ECOLI
P60422	RL2_ECOLI
P60438	RL3_ECOLI
P60468	SC61B_HUMAN
P60510	PP4C_HUMAN
P60520	GBRL2_HUMAN
P60546	KGUA_ECOLI
P60560	GUAC_ECOLI
P60624	RL24_ECOLI
P60651	SPEB_ECOLI
P60660	MYL6_HUMAN
P60709	ACTB_HUMAN
P60716	LIPA_ECOLI
P60723	RL4_ECOLI
P60752	MSBA_ECOLI
P60785	LEPA_ECOLI
P60842	IF4A1_HUMAN
P60866	RS20_HUMAN
P60891	PRPS1_HUMAN
P60900	PSA6_HUMAN
P60903	S10AA_HUMAN
P60906	SYH_ECOLI
P60953	CDC42_HUMAN
P60981	DEST_HUMAN
P60983	GMFB_HUMAN
P61006	RAB8A_HUMAN
P61009	SPCS3_HUMAN
P61011	SRP54_HUMAN
P61018	RAB4B_HUMAN
P61019	RAB2A_HUMAN
P61020	RAB5B_HUMAN
P61026	RAB10_HUMAN
P61077	UB2D3_HUMAN
P61081	UBC12_HUMAN
P61086	UBE2K_HUMAN
P61088	UBE2N_HUMAN
P61106	RAB14_HUMAN
P61158	ARP3_HUMAN
P61160	ARP2_HUMAN
P61163	ACTZ_HUMAN
P61175	RL22_ECOLI
P61201	CSN2_HUMAN
P61221	ABCE1_HUMAN
P61224	RAP1B_HUMAN
P61225	RAP2B_HUMAN
P61244	MAX_HUMAN
P61247	RS3A_HUMAN
P61254	RL26_HUMAN
P61289	PSME3_HUMAN
P61313	RL15_HUMAN
P61320	LOLB_ECOLI
P61326	MGN_HUMAN
P61353	RL27_HUMAN
P61421	VA0D1_HUMAN
P61457	PHS_HUMAN
P61513	RL37A_HUMAN
P61517	CAN_ECOLI
P61586	RHOA_HUMAN
P61599	NAA20_HUMAN
P61604	CH10_HUMAN
P61619	S61A1_HUMAN
P61626	LYSC_HUMAN
P61714	RISB_ECOLI
P61758	PFD3_HUMAN
P61764	STXB1_HUMAN
P61769	B2MG_HUMAN
P61803	DAD1_HUMAN
P61889	MDH_ECOLI
P61916	NPC2_HUMAN
P61923	COPZ1_HUMAN
P61949	FLAV_ECOLI
P61956	SUMO2_HUMAN
P61960	UFM1_HUMAN
P61962	DCAF7_HUMAN
P61964	WDR5_HUMAN
P61966	AP1S1_HUMAN
P61970	NTF2_HUMAN
P61978	HNRPK_HUMAN
P61981	1433G_HUMAN
P62070	RRAS2_HUMAN
P62072	TIM10_HUMAN
P62081	RS7_HUMAN
P62136	PP1A_HUMAN
P62140	PP1B_HUMAN
P62191	PRS4_HUMAN
P62195	PRS8_HUMAN
P62241	RS8_HUMAN
P62244	RS15A_HUMAN
P62249	RS16_HUMAN
P62258	1433E_HUMAN
P62263	RS14_HUMAN
P62266	RS23_HUMAN
P62269	RS18_HUMAN
P62273	RS29_HUMAN
P62277	RS13_HUMAN
P62280	RS11_HUMAN
P62304	RUXE_HUMAN
P62310	LSM3_HUMAN
P62312	LSM6_HUMAN
P62314	SMD1_HUMAN
P62316	SMD2_HUMAN
P62318	SMD3_HUMAN
P62328	TYB4_HUMAN
P62330	ARF6_HUMAN
P62333	PRS10_HUMAN
P62341	SELT_HUMAN
P62399	RL5_ECOLI
P62424	RL7A_HUMAN
P62495	ERF1_HUMAN
P62620	ISPG_ECOLI
P62623	ISPH_ECOLI
P62633	CNBP_HUMAN
P62701	RS4X_HUMAN
P62707	GPMA_ECOLI
P62714	PP2AB_HUMAN
P62736	ACTA_HUMAN
P62750	RL23A_HUMAN
P62753	RS6_HUMAN
P62768	YAEH_ECOLI
P62805	H4_HUMAN
P62820	RAB1A_HUMAN
P62826	RAN_HUMAN
P62829	RL23_HUMAN
P62834	RAP1A_HUMAN
P62841	RS15_HUMAN
P62847	RS24_HUMAN
P62851	RS25_HUMAN
P62854	RS26_HUMAN
P62857	RS28_HUMAN
P62861	RS30_HUMAN
P62873	GBB1_HUMAN
P62875	RPAB5_HUMAN
P62877	RBX1_HUMAN
P62879	GBB2_HUMAN
P62888	RL30_HUMAN
P62899	RL31_HUMAN
P62906	RL10A_HUMAN
P62910	RL32_HUMAN
P62913	RL11_HUMAN
P62917	RL8_HUMAN
P62937	PPIA_HUMAN
P62942	FKB1A_HUMAN
P62979	RS27A_HUMAN
P62993	GRB2_HUMAN
P62995	TRA2B_HUMAN
P63000	RAC1_HUMAN
P63010	AP2B1_HUMAN
P63020	NFUA_ECOLI
P63027	VAMP2_HUMAN
P63098	CANB1_HUMAN
P63104	1433Z_HUMAN
P63151	2ABA_HUMAN
P63165	SUMO1_HUMAN
P63172	DYLT1_HUMAN
P63173	RL38_HUMAN
P63208	SKP1_HUMAN
P63220	RS21_HUMAN
P63224	GMHA_ECOLI
P63235	GADC_ECOLI
P63241	IF5A1_HUMAN
P63244	RACK1_HUMAN
P63261	ACTG_HUMAN
P63279	UBC9_HUMAN
P63284	CLPB_ECOLI
P63313	TYB10_HUMAN
P64429	YPFJ_ECOLI
P64451	YDCL_ECOLI
P64499	YEBO_ECOLI
P64581	YQJD_ECOLI
P64596	YRAP_ECOLI
P64604	MLAD_ECOLI
P67127	YGDQ_ECOLI
P67809	YBOX1_HUMAN
P67812	SC11A_HUMAN
P67870	CSK2B_HUMAN
P67910	HLDD_ECOLI
P67936	TPM4_HUMAN
P68036	UB2L3_HUMAN
P68066	GRCA_ECOLI
P68187	MALK_ECOLI
P68191	SRA_ECOLI
P68206	YJBJ_ECOLI
P68366	TBA4A_HUMAN
P68371	TBB4B_HUMAN
P68400	CSK21_HUMAN
P68402	PA1B2_HUMAN
P68679	RS21_ECOLI
P68767	AMPA_ECOLI
P68871	HBB_HUMAN
P68919	RL25_ECOLI
P69222	IF1_ECOLI
P69411	RCSF_ECOLI
P69428	TATA_ECOLI
P69441	KAD_ECOLI
P69503	APT_ECOLI
P69776	LPP_ECOLI
P69783	PTGA_ECOLI
P69786	PTGCB_ECOLI
P69797	PTNAB_ECOLI
P69801	PTNC_ECOLI
P69805	PTND_ECOLI
P69874	POTA_ECOLI
P69905	HBA_HUMAN
P69908	DCEA_ECOLI
P69924	RIR2_ECOLI
P75682	YAGE_ECOLI
P75818	YBJP_ECOLI
P75838	YCAO_ECOLI
P75863	YCBX_ECOLI
P75864	RLMKL_ECOLI
P75867	LONH_ECOLI
P75874	YCCU_ECOLI
P75876	RLMI_ECOLI
P75915	YCDY_ECOLI
P75957	LOLD_ECOLI
P75958	LOLE_ECOLI
P76015	DHAK_ECOLI
P76116	YNCE_ECOLI
P76177	YDGH_ECOLI
P76268	KDGR_ECOLI
P76270	MSRC_ECOLI
P76290	CMOA_ECOLI
P76372	WZZB_ECOLI
P76402	YEGP_ECOLI
P76403	TRHP_ECOLI
P76418	YEGU_ECOLI
P76506	MLAA_ECOLI
P76537	YFEY_ECOLI
P76558	MAO2_ECOLI
P76576	YFGM_ECOLI
P76658	HLDE_ECOLI
P77247	HXPB_ECOLI
P77293	GTRB_ECOLI
P77395	CNOX_ECOLI
P77488	DXS_ECOLI
P77529	TCYP_ECOLI
P77596	YAGF_ECOLI
P77695	GNSB_ECOLI
P77717	YBAY_ECOLI
P77718	THII_ECOLI
P77774	BAMB_ECOLI
P77804	YDGA_ECOLI
P78316	NOP14_HUMAN
P78318	IGBP1_HUMAN
P78324	SHPS1_HUMAN
P78332	RBM6_HUMAN
P78344	IF4G2_HUMAN
P78347	GTF2I_HUMAN
P78356	PI42B_HUMAN
P78362	SRPK2_HUMAN
P78371	TCPB_HUMAN
P78406	RAE1L_HUMAN
P78417	GSTO1_HUMAN
P78527	PRKDC_HUMAN
P78537	BL1S1_HUMAN
P78539	SRPX_HUMAN
P79483	DRB3_HUMAN
P80188	NGAL_HUMAN
P80217	IN35_HUMAN
P80303	NUCB2_HUMAN
P80404	GABT_HUMAN
P80723	BASP1_HUMAN
P81605	DCD_HUMAN
P82650	RT22_HUMAN
P82675	RT05_HUMAN
P82909	RT36_HUMAN
P82912	RT11_HUMAN
P82921	RT21_HUMAN
P82930	RT34_HUMAN
P82932	RT06_HUMAN
P82970	HMGN5_HUMAN
P82979	SARNP_HUMAN
P82980	RET5_HUMAN
P83111	LACTB_HUMAN
P83731	RL24_HUMAN
P83876	TXN4A_HUMAN
P83916	CBX1_HUMAN
P84085	ARF5_HUMAN
P84090	ERH_HUMAN
P84095	RHOG_HUMAN
P84098	RL19_HUMAN
P84101	SERF2_HUMAN
P84103	SRSF3_HUMAN
P84157	MXRA7_HUMAN
P84243	H33_HUMAN
P85037	FOXK1_HUMAN
P98082	DAB2_HUMAN
P98095	FBLN2_HUMAN
P98160	PGBM_HUMAN
P98171	RHG04_HUMAN
P98175	RBM10_HUMAN
P98179	RBM3_HUMAN
P99999	CYC_HUMAN
Q00013	EM55_HUMAN
Q00059	TFAM_HUMAN
Q00169	PIPNA_HUMAN
Q00325	MPCP_HUMAN
Q00341	VIGLN_HUMAN
Q00403	TF2B_HUMAN
Q00577	PURA_HUMAN
Q00610	CLH1_HUMAN
Q00613	HSF1_HUMAN
Q00653	NFKB2_HUMAN
Q00688	FKBP3_HUMAN
Q00722	PLCB2_HUMAN
Q00765	REEP5_HUMAN
Q00796	DHSO_HUMAN
Q00839	HNRPU_HUMAN
Q00978	IRF9_HUMAN
Q01082	SPTB2_HUMAN
Q01085	TIAR_HUMAN
Q01105	SET_HUMAN
Q01130	SRSF2_HUMAN
Q01196	RUNX1_HUMAN
Q01201	RELB_HUMAN
Q01415	GALK2_HUMAN
Q01432	AMPD3_HUMAN
Q01433	AMPD2_HUMAN
Q01459	DIAC_HUMAN
Q01469	FABP5_HUMAN
Q01484	ANK2_HUMAN
Q01518	CAP1_HUMAN
Q01543	FLI1_HUMAN
Q01628	IFM3_HUMAN
Q01629	IFM2_HUMAN
Q01658	NC2B_HUMAN
Q01780	EXOSX_HUMAN
Q01804	OTUD4_HUMAN
Q01813	PFKAP_HUMAN
Q01831	XPC_HUMAN
Q01844	EWS_HUMAN
Q01970	PLCB3_HUMAN
Q01995	TAGL_HUMAN
Q02083	NAAA_HUMAN
Q02108	GCYA1_HUMAN
Q02127	PYRD_HUMAN
Q02153	GCYB1_HUMAN
Q02218	ODO1_HUMAN
Q02252	MMSA_HUMAN
Q02318	CP27A_HUMAN
Q02338	BDH_HUMAN
Q02388	CO7A1_HUMAN
Q02413	DSG1_HUMAN
Q02447	SP3_HUMAN
Q02543	RL18A_HUMAN
Q02548	PAX5_HUMAN
Q02556	IRF8_HUMAN
Q02750	MP2K1_HUMAN
Q02790	FKBP4_HUMAN
Q02818	NUCB1_HUMAN
Q02878	RL6_HUMAN
Q02880	TOP2B_HUMAN
Q02952	AKA12_HUMAN
Q02978	M2OM_HUMAN
Q03135	CAV1_HUMAN
Q03154	ACY1_HUMAN
Q03169	TNAP2_HUMAN
Q03188	CENPC_HUMAN
Q03252	LMNB2_HUMAN
Q03518	TAP1_HUMAN
Q03519	TAP2_HUMAN
Q04206	TF65_HUMAN
Q04323	UBXN1_HUMAN
Q04446	GLGB_HUMAN
Q04637	IF4G1_HUMAN
Q04726	TLE3_HUMAN
Q04760	LGUL_HUMAN
Q04828	AK1C1_HUMAN
Q04837	SSBP_HUMAN
Q04864	REL_HUMAN
Q04917	1433F_HUMAN
Q04941	PLP2_HUMAN
Q05048	CSTF1_HUMAN
Q05086	UBE3A_HUMAN
Q05315	LEG10_HUMAN
Q05397	FAK1_HUMAN
Q05469	LIPS_HUMAN
Q05519	SRS11_HUMAN
Q05655	KPCD_HUMAN
Q05682	CALD1_HUMAN
Q05707	COEA1_HUMAN
Q05D32	CTSL2_HUMAN
Q06124	PTN11_HUMAN
Q06136	KDSR_HUMAN
Q06187	BTK_HUMAN
Q06203	PUR1_HUMAN
Q06210	GFPT1_HUMAN
Q06265	EXOS9_HUMAN
Q06323	PSME1_HUMAN
Q06546	GABPA_HUMAN
Q06547	GABP1_HUMAN
Q06587	RING1_HUMAN
Q06787	FMR1_HUMAN
Q06828	FMOD_HUMAN
Q06830	PRDX1_HUMAN
Q07020	RL18_HUMAN
Q07021	C1QBP_HUMAN
Q07065	CKAP4_HUMAN
Q07157	ZO1_HUMAN
Q07507	DERM_HUMAN
Q07666	KHDR1_HUMAN
Q07812	BAX_HUMAN
Q07866	KLC1_HUMAN
Q07954	LRP1_HUMAN
Q07955	SRSF1_HUMAN
Q07960	RHG01_HUMAN
Q08117	TLE5_HUMAN
Q08170	SRSF4_HUMAN
Q08209	PP2BA_HUMAN
Q08211	DHX9_HUMAN
Q08257	QOR_HUMAN
Q08378	GOGA3_HUMAN
Q08379	GOGA2_HUMAN
Q08380	LG3BP_HUMAN
Q08431	MFGM_HUMAN
Q08495	DEMA_HUMAN
Q08554	DSC1_HUMAN
Q08722	CD47_HUMAN
Q08752	PPID_HUMAN
Q08945	SSRP1_HUMAN
Q08AF3	SLFN5_HUMAN
Q08AM6	VAC14_HUMAN
Q08J23	NSUN2_HUMAN
Q09028	RBBP4_HUMAN
Q09161	NCBP1_HUMAN
Q09666	AHNK_HUMAN
Q0JRZ9	FCHO2_HUMAN
Q0PNE2	ELP6_HUMAN
Q0VD83	APOBR_HUMAN
Q0VGL1	LTOR4_HUMAN
Q10471	GALT2_HUMAN
Q10472	GALT1_HUMAN
Q10567	AP1B1_HUMAN
Q10570	CPSF1_HUMAN
Q10588	BST1_HUMAN
Q10589	BST2_HUMAN
Q10713	MPPA_HUMAN
Q12765	SCRN1_HUMAN
Q12768	WASC5_HUMAN
Q12769	NU160_HUMAN
Q12778	FOXO1_HUMAN
Q12788	TBL3_HUMAN
Q12789	TF3C1_HUMAN
Q12792	TWF1_HUMAN
Q12797	ASPH_HUMAN
Q12800	TFCP2_HUMAN
Q12802	AKP13_HUMAN
Q12805	FBLN3_HUMAN
Q12824	SNF5_HUMAN
Q12846	STX4_HUMAN
Q12849	GRSF1_HUMAN
Q12851	M4K2_HUMAN
Q12873	CHD3_HUMAN
Q12874	SF3A3_HUMAN
Q12882	DPYD_HUMAN
Q12888	TP53B_HUMAN
Q12899	TRI26_HUMAN
Q12904	AIMP1_HUMAN
Q12905	ILF2_HUMAN
Q12906	ILF3_HUMAN
Q12907	LMAN2_HUMAN
Q12912	IRAG2_HUMAN
Q12913	PTPRJ_HUMAN
Q12931	TRAP1_HUMAN
Q12965	MYO1E_HUMAN
Q12972	PP1R8_HUMAN
Q12974	TP4A2_HUMAN
Q12979	ABR_HUMAN
Q12981	SEC20_HUMAN
Q12982	BNIP2_HUMAN
Q12996	CSTF3_HUMAN
Q13009	TIAM1_HUMAN
Q13011	ECH1_HUMAN
Q13033	STRN3_HUMAN
Q13043	STK4_HUMAN
Q13045	FLII_HUMAN
Q13049	TRI32_HUMAN
Q13057	COASY_HUMAN
Q13077	TRAF1_HUMAN
Q13094	LCP2_HUMAN
Q13098	CSN1_HUMAN
Q13103	SPP24_HUMAN
Q13107	UBP4_HUMAN
Q13123	RED_HUMAN
Q13126	MTAP_HUMAN
Q13131	AAPK1_HUMAN
Q13136	LIPA1_HUMAN
Q13144	EI2BE_HUMAN
Q13148	TADBP_HUMAN
Q13151	ROA0_HUMAN
Q13153	PAK1_HUMAN
Q13155	AIMP2_HUMAN
Q13158	FADD_HUMAN
Q13162	PRDX4_HUMAN
Q13177	PAK2_HUMAN
Q13185	CBX3_HUMAN
Q13190	STX5_HUMAN
Q13200	PSMD2_HUMAN
Q13201	MMRN1_HUMAN
Q13217	DNJC3_HUMAN
Q13228	SBP1_HUMAN
Q13232	NDK3_HUMAN
Q13242	SRSF9_HUMAN
Q13243	SRSF5_HUMAN
Q13247	SRSF6_HUMAN
Q13263	TIF1B_HUMAN
Q13283	G3BP1_HUMAN
Q13287	NMI_HUMAN
Q13291	SLAF1_HUMAN
Q13303	KCAB2_HUMAN
Q13310	PABP4_HUMAN
Q13315	ATM_HUMAN
Q13325	IFIT5_HUMAN
Q13330	MTA1_HUMAN
Q13342	SP140_HUMAN
Q13347	EIF3I_HUMAN
Q13361	MFAP5_HUMAN
Q13362	2A5G_HUMAN
Q13363	CTBP1_HUMAN
Q13404	UB2V1_HUMAN
Q13405	RM49_HUMAN
Q13409	DC1I2_HUMAN
Q13416	ORC2_HUMAN
Q13418	ILK_HUMAN
Q13422	IKZF1_HUMAN
Q13423	NNTM_HUMAN
Q13425	SNTB2_HUMAN
Q13426	XRCC4_HUMAN
Q13427	PPIG_HUMAN
Q13428	TCOF_HUMAN
Q13435	SF3B2_HUMAN
Q13442	HAP28_HUMAN
Q13445	TMED1_HUMAN
Q13449	LSAMP_HUMAN
Q13451	FKBP5_HUMAN
Q13459	MYO9B_HUMAN
Q13464	ROCK1_HUMAN
Q13469	NFAC2_HUMAN
Q13488	VPP3_HUMAN
Q13492	PICAL_HUMAN
Q13496	MTM1_HUMAN
Q13501	SQSTM_HUMAN
Q13505	MTX1_HUMAN
Q13509	TBB3_HUMAN
Q13510	ASAH1_HUMAN
Q13523	PRP4B_HUMAN
Q13526	PIN1_HUMAN
Q13546	RIPK1_HUMAN
Q13547	HDAC1_HUMAN
Q13555	KCC2G_HUMAN
Q13557	KCC2D_HUMAN
Q13561	DCTN2_HUMAN
Q13564	ULA1_HUMAN
Q13568	IRF5_HUMAN
Q13573	SNW1_HUMAN
Q13576	IQGA2_HUMAN
Q13586	STIM1_HUMAN
Q13588	GRAP_HUMAN
Q13595	TRA2A_HUMAN
Q13596	SNX1_HUMAN
Q13601	KRR1_HUMAN
Q13609	DNSL3_HUMAN
Q13610	PWP1_HUMAN
Q13616	CUL1_HUMAN
Q13617	CUL2_HUMAN
Q13618	CUL3_HUMAN
Q13619	CUL4A_HUMAN
Q13620	CUL4B_HUMAN
Q13630	FCL_HUMAN
Q13637	RAB32_HUMAN
Q13642	FHL1_HUMAN
Q13643	FHL3_HUMAN
Q13683	ITA7_HUMAN
Q13685	AAMP_HUMAN
Q13724	MOGS_HUMAN
Q13761	RUNX3_HUMAN
Q13813	SPTN1_HUMAN
Q13825	AUHM_HUMAN
Q13838	DX39B_HUMAN
Q13867	BLMH_HUMAN
Q13868	EXOS2_HUMAN
Q13884	SNTB1_HUMAN
Q13885	TBB2A_HUMAN
Q13895	BYST_HUMAN
Q13907	IDI1_HUMAN
Q13951	PEBB_HUMAN
Q13952	NFYC_HUMAN
Q13976	KGP1_HUMAN
Q14005	IL16_HUMAN
Q14008	CKAP5_HUMAN
Q14011	CIRBP_HUMAN
Q14019	COTL1_HUMAN
Q14103	HNRPD_HUMAN
Q14108	SCRB2_HUMAN
Q14112	NID2_HUMAN
Q14116	IL18_HUMAN
Q14137	BOP1_HUMAN
Q14139	UBE4A_HUMAN
Q14141	SEPT6_HUMAN
Q14142	TRI14_HUMAN
Q14149	MORC3_HUMAN
Q14151	SAFB2_HUMAN
Q14152	EIF3A_HUMAN
Q14155	ARHG7_HUMAN
Q14156	EFR3A_HUMAN
Q14157	UBP2L_HUMAN
Q14160	SCRIB_HUMAN
Q14161	GIT2_HUMAN
Q14165	MLEC_HUMAN
Q14166	TTL12_HUMAN
Q14195	DPYL3_HUMAN
Q14203	DCTN1_HUMAN
Q14204	DYHC1_HUMAN
Q14232	EI2BA_HUMAN
Q14240	IF4A2_HUMAN
Q14241	ELOA1_HUMAN
Q14242	SELPL_HUMAN
Q14247	SRC8_HUMAN
Q14254	FLOT2_HUMAN
Q14257	RCN2_HUMAN
Q14258	TRI25_HUMAN
Q14289	FAK2_HUMAN
Q14315	FLNC_HUMAN
Q14318	FKBP8_HUMAN
Q14320	FA50A_HUMAN
Q14344	GNA13_HUMAN
Q14376	GALE_HUMAN
Q14444	CAPR1_HUMAN
Q14457	BECN1_HUMAN
Q14498	RBM39_HUMAN
Q14554	PDIA5_HUMAN
Q14558	KPRA_HUMAN
Q14562	DHX8_HUMAN
Q14566	MCM6_HUMAN
Q14571	ITPR2_HUMAN
Q14573	ITPR3_HUMAN
Q14624	ITIH4_HUMAN
Q14643	ITPR1_HUMAN
Q14644	RASA3_HUMAN
Q14653	IRF3_HUMAN
Q14657	LAGE3_HUMAN
Q14667	K0100_HUMAN
Q14669	TRIPC_HUMAN
Q14671	PUM1_HUMAN
Q14676	MDC1_HUMAN
Q14677	EPN4_HUMAN
Q14683	SMC1A_HUMAN
Q14684	RRP1B_HUMAN
Q14690	RRP5_HUMAN
Q14692	BMS1_HUMAN
Q14694	UBP10_HUMAN
Q14696	MESD_HUMAN
Q14697	GANAB_HUMAN
Q14699	RFTN1_HUMAN
Q14728	MFS10_HUMAN
Q14738	2A5D_HUMAN
Q14739	LBR_HUMAN
Q14761	PTCA_HUMAN
Q14764	MVP_HUMAN
Q14766	LTBP1_HUMAN
Q14767	LTBP2_HUMAN
Q14789	GOGB1_HUMAN
Q14790	CASP8_HUMAN
Q14814	MEF2D_HUMAN
Q14839	CHD4_HUMAN
Q14847	LASP1_HUMAN
Q14914	PTGR1_HUMAN
Q14919	NC2A_HUMAN
Q14966	ZN638_HUMAN
Q14974	IMB1_HUMAN
Q14978	NOLC1_HUMAN
Q14980	NUMA1_HUMAN
Q14C86	GAPD1_HUMAN
Q14CX7	NAA25_HUMAN
Q15005	SPCS2_HUMAN
Q15006	EMC2_HUMAN
Q15007	FL2D_HUMAN
Q15008	PSMD6_HUMAN
Q15011	HERP1_HUMAN
Q15018	ABRX2_HUMAN
Q15019	SEPT2_HUMAN
Q15020	SART3_HUMAN
Q15024	EXOS7_HUMAN
Q15025	TNIP1_HUMAN
Q15027	ACAP1_HUMAN
Q15029	U5S1_HUMAN
Q15031	SYLM_HUMAN
Q15036	SNX17_HUMAN
Q15042	RB3GP_HUMAN
Q15046	SYK_HUMAN
Q15047	SETB1_HUMAN
Q15050	RRS1_HUMAN
Q15052	ARHG6_HUMAN
Q15056	IF4H_HUMAN
Q15057	ACAP2_HUMAN
Q15059	BRD3_HUMAN
Q15061	WDR43_HUMAN
Q15063	POSTN_HUMAN
Q15067	ACOX1_HUMAN
Q15075	EEA1_HUMAN
Q15080	NCF4_HUMAN
Q15084	PDIA6_HUMAN
Q15102	PA1B3_HUMAN
Q15113	PCOC1_HUMAN
Q15118	PDK1_HUMAN
Q15119	PDK2_HUMAN
Q15120	PDK3_HUMAN
Q15121	PEA15_HUMAN
Q15124	PGM5_HUMAN
Q15125	EBP_HUMAN
Q15126	PMVK_HUMAN
Q15149	PLEC_HUMAN
Q15172	2A5A_HUMAN
Q15181	IPYR_HUMAN
Q15185	TEBP_HUMAN
Q15208	STK38_HUMAN
Q15233	NONO_HUMAN
Q15257	PTPA_HUMAN
Q15269	PWP2_HUMAN
Q15274	NADC_HUMAN
Q15276	RABE1_HUMAN
Q15283	RASA2_HUMAN
Q15286	RAB35_HUMAN
Q15287	RNPS1_HUMAN
Q15291	RBBP5_HUMAN
Q15293	RCN1_HUMAN
Q15306	IRF4_HUMAN
Q15363	TMED2_HUMAN
Q15365	PCBP1_HUMAN
Q15366	PCBP2_HUMAN
Q15369	ELOC_HUMAN
Q15370	ELOB_HUMAN
Q15382	RHEB_HUMAN
Q15388	TOM20_HUMAN
Q15393	SF3B3_HUMAN
Q15397	PUM3_HUMAN
Q15404	RSU1_HUMAN
Q15417	CNN3_HUMAN
Q15418	KS6A1_HUMAN
Q15424	SAFB1_HUMAN
Q15427	SF3B4_HUMAN
Q15428	SF3A2_HUMAN
Q15435	PP1R7_HUMAN
Q15436	SC23A_HUMAN
Q15437	SC23B_HUMAN
Q15438	CYH1_HUMAN
Q15459	SF3A1_HUMAN
Q15477	SKIV2_HUMAN
Q15526	SURF1_HUMAN
Q15542	TAF5_HUMAN
Q15545	TAF7_HUMAN
Q15554	TERF2_HUMAN
Q15555	MARE2_HUMAN
Q15582	BGH3_HUMAN
Q15599	NHRF2_HUMAN
Q15628	TRADD_HUMAN
Q15629	TRAM1_HUMAN
Q15631	TSN_HUMAN
Q15637	SF01_HUMAN
Q15642	CIP4_HUMAN
Q15650	TRIP4_HUMAN
Q15654	TRIP6_HUMAN
Q15691	MARE1_HUMAN
Q15717	ELAV1_HUMAN
Q15738	NSDHL_HUMAN
Q15746	MYLK_HUMAN
Q15750	TAB1_HUMAN
Q15758	AAAT_HUMAN
Q15785	TOM34_HUMAN
Q15796	SMAD2_HUMAN
Q15814	TBCC_HUMAN
Q15819	UB2V2_HUMAN
Q15833	STXB2_HUMAN
Q15836	VAMP3_HUMAN
Q15843	NEDD8_HUMAN
Q15847	ADIRF_HUMAN
Q15904	VAS1_HUMAN
Q15907	RB11B_HUMAN
Q15942	ZYX_HUMAN
Q16134	ETFD_HUMAN
Q16181	SEPT7_HUMAN
Q16186	ADRM1_HUMAN
Q16204	CCDC6_HUMAN
Q16270	IBP7_HUMAN
Q16363	LAMA4_HUMAN
Q16401	PSMD5_HUMAN
Q16512	PKN1_HUMAN
Q16527	CSRP2_HUMAN
Q16531	DDB1_HUMAN
Q16537	2A5E_HUMAN
Q16539	MK14_HUMAN
Q16540	RM23_HUMAN
Q16543	CDC37_HUMAN
Q16555	DPYL2_HUMAN
Q16563	SYPL1_HUMAN
Q16566	KCC4_HUMAN
Q16570	ACKR1_HUMAN
Q16576	RBBP7_HUMAN
Q16595	FRDA_HUMAN
Q16610	ECM1_HUMAN
Q16611	BAK_HUMAN
Q16629	SRSF7_HUMAN
Q16630	CPSF6_HUMAN
Q16637	SMN_HUMAN
Q16643	DREB_HUMAN
Q16656	NRF1_HUMAN
Q16658	FSCN1_HUMAN
Q16666	IF16_HUMAN
Q16698	DECR_HUMAN
Q16706	MA2A1_HUMAN
Q16718	NDUA5_HUMAN
Q16719	KYNU_HUMAN
Q16740	CLPP_HUMAN
Q16762	THTR_HUMAN
Q16774	KGUA_HUMAN
Q16775	GLO2_HUMAN
Q16787	LAMA3_HUMAN
Q16795	NDUA9_HUMAN
Q16799	RTN1_HUMAN
Q16822	PCKGM_HUMAN
Q16831	UPP1_HUMAN
Q16836	HCDH_HUMAN
Q16851	UGPA_HUMAN
Q16853	AOC3_HUMAN
Q16854	DGUOK_HUMAN
Q16864	VATF_HUMAN
Q16881	TRXR1_HUMAN
Q16891	MIC60_HUMAN
Q17RW2	COOA1_HUMAN
Q1KMD3	HNRL2_HUMAN
Q27J81	INF2_HUMAN
Q29RF7	PDS5A_HUMAN
Q2M2I8	AAK1_HUMAN
Q2M389	WASC4_HUMAN
Q2NL82	TSR1_HUMAN
Q2PZI1	D19L1_HUMAN
Q2TAA2	IAH1_HUMAN
Q2TAL8	QRIC1_HUMAN
Q2TAY7	SMU1_HUMAN
Q30154	DRB5_HUMAN
Q30201	HFE_HUMAN
Q32MZ4	LRRF1_HUMAN
Q32P28	P3H1_HUMAN
Q32P44	EMAL3_HUMAN
Q3KQU3	MA7D1_HUMAN
Q3KQV9	UAP1L_HUMAN
Q3LXA3	TKFC_HUMAN
Q3MHD2	LSM12_HUMAN
Q3SY69	AL1L2_HUMAN
Q3YEC7	RABL6_HUMAN
Q3ZAQ7	VMA21_HUMAN
Q3ZCM7	TBB8_HUMAN
Q3ZCQ8	TIM50_HUMAN
Q460N5	PAR14_HUMAN
Q46845	YGHU_ECOLI
Q46856	YQHD_ECOLI
Q49A26	GLYR1_HUMAN
Q4G0F5	VP26B_HUMAN
Q4G0J3	LARP7_HUMAN
Q4G0N4	NAKD2_HUMAN
Q4G176	ACSF3_HUMAN
Q4KMP7	TB10B_HUMAN
Q4KMQ2	ANO6_HUMAN
Q4V328	GRAP1_HUMAN
Q4V9L6	TM119_HUMAN
Q4VC31	MIX23_HUMAN
Q52LJ0	FA98B_HUMAN
Q53EL6	PDCD4_HUMAN
Q53ET0	CRTC2_HUMAN
Q53F19	NCBP3_HUMAN
Q53FA7	QORX_HUMAN
Q53FT3	HIKES_HUMAN
Q53GG5	PDLI3_HUMAN
Q53GL7	PAR10_HUMAN
Q53GQ0	DHB12_HUMAN
Q53GS9	SNUT2_HUMAN
Q53H12	AGK_HUMAN
Q53H96	P5CR3_HUMAN
Q53HC9	EIPR1_HUMAN
Q53QV2	LBH_HUMAN
Q53QZ3	RHG15_HUMAN
Q53T59	H1BP3_HUMAN
Q53TN4	CYBR1_HUMAN
Q562E7	WDR81_HUMAN
Q562R1	ACTBL_HUMAN
Q567U6	CCD93_HUMAN
Q56VL3	OCAD2_HUMAN
Q58FF6	H90B4_HUMAN
Q58FF8	H90B2_HUMAN
Q58FG1	HS904_HUMAN
Q5BJD5	TM41B_HUMAN
Q5BJF6	ODFP2_HUMAN
Q5BJH2	TM128_HUMAN
Q5BJH7	YIF1B_HUMAN
Q5GJ75	TP8L3_HUMAN
Q5GLZ8	HERC4_HUMAN
Q5H9R7	PP6R3_HUMAN
Q5HYK3	COQ5_HUMAN
Q5J8M3	EMC4_HUMAN
Q5JPH6	SYEM_HUMAN
Q5JRA6	TGO1_HUMAN
Q5JRX3	PREP_HUMAN
Q5JSH3	WDR44_HUMAN
Q5JSL3	DOC11_HUMAN
Q5JSP0	FGD3_HUMAN
Q5JTD0	TJAP1_HUMAN
Q5JTH9	RRP12_HUMAN
Q5JTJ3	COA6_HUMAN
Q5JTV8	TOIP1_HUMAN
Q5JTZ9	SYAM_HUMAN
Q5JU69	TOR2A_HUMAN
Q5JVF3	PCID2_HUMAN
Q5JVS0	HABP4_HUMAN
Q5K4L6	S27A3_HUMAN
Q5KU26	COL12_HUMAN
Q5NDL2	EOGT_HUMAN
Q5QJE6	TDIF2_HUMAN
Q5R372	RBG1L_HUMAN
Q5R3I4	TTC38_HUMAN
Q5RKV6	EXOS6_HUMAN
Q5SNT2	TM201_HUMAN
Q5SRE5	NU188_HUMAN
Q5SRE7	PHYD1_HUMAN
Q5SSJ5	HP1B3_HUMAN
Q5SW79	CE170_HUMAN
Q5SW96	ARH_HUMAN
Q5SWX8	ODR4_HUMAN
Q5SY16	NOL9_HUMAN
Q5T013	HYI_HUMAN
Q5T0F9	C2D1B_HUMAN
Q5T160	SYRM_HUMAN
Q5T1M5	FKB15_HUMAN
Q5T200	ZC3HD_HUMAN
Q5T280	CI114_HUMAN
Q5T3F8	CSCL2_HUMAN
Q5T440	CAF17_HUMAN
Q5T447	HECD3_HUMAN
Q5T4S7	UBR4_HUMAN
Q5T5P2	SKT_HUMAN
Q5T653	RM02_HUMAN
Q5T6V5	QSPP_HUMAN
Q5T7V8	GORAB_HUMAN
Q5T8P6	RBM26_HUMAN
Q5T9A4	ATD3B_HUMAN
Q5TA45	INT11_HUMAN
Q5TAQ9	DCAF8_HUMAN
Q5TBB1	RNH2B_HUMAN
Q5TDH0	DDI2_HUMAN
Q5TEJ8	THMS2_HUMAN
Q5TFE4	NT5D1_HUMAN
Q5TZA2	CROCC_HUMAN
Q5U5X0	LYRM7_HUMAN
Q5U651	RAIN_HUMAN
Q5UCC4	EMC10_HUMAN
Q5VIR6	VPS53_HUMAN
Q5VSL9	STRP1_HUMAN
Q5VT06	CE350_HUMAN
Q5VT52	RPRD2_HUMAN
Q5VTL8	PR38B_HUMAN
Q5VTR2	BRE1A_HUMAN
Q5VU43	MYOME_HUMAN
Q5VW32	BROX_HUMAN
Q5VWQ0	RSBN1_HUMAN
Q5VWZ2	LYPL1_HUMAN
Q5VYK3	ECM29_HUMAN
Q5VZK9	CARL1_HUMAN
Q5W0V3	FHI2A_HUMAN
Q63HN8	RN213_HUMAN
Q63ZY3	KANK2_HUMAN
Q641Q2	WAC2A_HUMAN
Q66GS9	CP135_HUMAN
Q66K14	TBC9B_HUMAN
Q66K74	MAP1S_HUMAN
Q66PJ3	AR6P4_HUMAN
Q687X5	STEA4_HUMAN
Q68CZ2	TENS3_HUMAN
Q68E01	INT3_HUMAN
Q68EM7	RHG17_HUMAN
Q69YN2	C19L1_HUMAN
Q69YN4	VIR_HUMAN
Q69YZ2	T200B_HUMAN
Q6DD88	ATLA3_HUMAN
Q6DKI1	RL7L_HUMAN
Q6DKJ4	NXN_HUMAN
Q6F5E8	CARL2_HUMAN
Q6FI81	CPIN1_HUMAN
Q6GMV2	SMYD5_HUMAN
Q6GMV3	PTRD1_HUMAN
Q6GTX8	LAIR1_HUMAN
Q6I9Y2	THOC7_HUMAN
Q6IA17	SIGIR_HUMAN
Q6IA69	NADE_HUMAN
Q6IAA8	LTOR1_HUMAN
Q6IAN0	DRS7B_HUMAN
Q6IBS0	TWF2_HUMAN
Q6ICL3	TNG2_HUMAN
Q6IN85	P4R3A_HUMAN
Q6IQ22	RAB12_HUMAN
Q6IQ49	SDE2_HUMAN
Q6JBY9	CPZIP_HUMAN
Q6K0P9	IFIX_HUMAN
Q6KC79	NIPBL_HUMAN
Q6L8Q7	PDE12_HUMAN
Q6N069	NAA16_HUMAN
Q6NUK1	SCMC1_HUMAN
Q6NUQ4	TM214_HUMAN
Q6NVY1	HIBCH_HUMAN
Q6NY19	KANK3_HUMAN
Q6NYC8	PPR18_HUMAN
Q6NZI2	CAVN1_HUMAN
Q6NZY4	ZCHC8_HUMAN
Q6P179	ERAP2_HUMAN
Q6P1A2	MBOA5_HUMAN
Q6P1J9	CDC73_HUMAN
Q6P1N0	C2D1A_HUMAN
Q6P1N9	TATD1_HUMAN
Q6P1X6	CH082_HUMAN
Q6P2E9	EDC4_HUMAN
Q6P2Q9	PRP8_HUMAN
Q6P3W7	SCYL2_HUMAN
Q6P4A8	PLBL1_HUMAN
Q6P587	FAHD1_HUMAN
Q6P589	TP8L2_HUMAN
Q6P6C2	ALKB5_HUMAN
Q6P996	PDXD1_HUMAN
Q6P9B6	MEAK7_HUMAN
Q6PCB0	VWA1_HUMAN
Q6PCB7	S27A1_HUMAN
Q6PCE3	PGM2L_HUMAN
Q6PD62	CTR9_HUMAN
Q6PGP7	TTC37_HUMAN
Q6PI48	SYDM_HUMAN
Q6PIJ6	FBX38_HUMAN
Q6PIU2	NCEH1_HUMAN
Q6PIZ9	TRAT1_HUMAN
Q6PJ69	TRI65_HUMAN
Q6PJG2	MDEAS_HUMAN
Q6PJT7	ZC3HE_HUMAN
Q6PK04	CC137_HUMAN
Q6PKG0	LARP1_HUMAN
Q6PL24	TMED8_HUMAN
Q6QNY0	BL1S3_HUMAN
Q6QNY1	BL1S2_HUMAN
Q6RW13	ATRAP_HUMAN
Q6ULP2	AFTIN_HUMAN
Q6UN15	FIP1_HUMAN
Q6UUV7	CRTC3_HUMAN
Q6UW02	CP20A_HUMAN
Q6UW68	TM205_HUMAN
Q6UWP7	LCLT1_HUMAN
Q6UWP8	SBSN_HUMAN
Q6UWY5	OLFL1_HUMAN
Q6UX04	CWC27_HUMAN
Q6UX71	PXDC2_HUMAN
Q6UXB4	CLC4G_HUMAN
Q6UXH1	CREL2_HUMAN
Q6UXN9	WDR82_HUMAN
Q6VY07	PACS1_HUMAN
Q6WKZ4	RFIP1_HUMAN
Q6XQN6	PNCB_HUMAN
Q6Y7W6	GGYF2_HUMAN
Q6YN16	HSDL2_HUMAN
Q6YP21	KAT3_HUMAN
Q6ZMI0	PPR21_HUMAN
Q6ZMZ3	SYNE3_HUMAN
Q6ZN55	ZN574_HUMAN
Q6ZNJ1	NBEL2_HUMAN
Q6ZS81	WDFY4_HUMAN
Q6ZSR9	YJ005_HUMAN
Q6ZSZ5	ARHGI_HUMAN
Q6ZUJ8	BCAP_HUMAN
Q6ZUM4	RHG27_HUMAN
Q6ZVF9	GRIN3_HUMAN
Q6ZVM7	TM1L2_HUMAN
Q6ZVW7	I17EL_HUMAN
Q709C8	VP13C_HUMAN
Q70IA6	MOB2_HUMAN
Q70J99	UN13D_HUMAN
Q70UQ0	IKIP_HUMAN
Q712K3	UB2R2_HUMAN
Q71UM5	RS27L_HUMAN
Q7KZ85	SPT6H_HUMAN
Q7KZF4	SND1_HUMAN
Q7KZI7	MARK2_HUMAN
Q7L014	DDX46_HUMAN
Q7L0Y3	TM10C_HUMAN
Q7L1Q6	BZW1_HUMAN
Q7L1V2	MON1B_HUMAN
Q7L2E3	DHX30_HUMAN
Q7L2H7	EIF3M_HUMAN
Q7L2J0	MEPCE_HUMAN
Q7L523	RRAGA_HUMAN
Q7L576	CYFP1_HUMAN
Q7L591	DOK3_HUMAN
Q7L5D6	GET4_HUMAN
Q7L5N1	CSN6_HUMAN
Q7L5N7	PCAT2_HUMAN
Q7LBC6	KDM3B_HUMAN
Q7LBR1	CHM1B_HUMAN
Q7LDG7	GRP2_HUMAN
Q7LG56	RIR2B_HUMAN
Q7RTP6	MICA3_HUMAN
Q7RTV0	PHF5A_HUMAN
Q7Z2K6	ERMP1_HUMAN
Q7Z2T5	TRM1L_HUMAN
Q7Z2W4	ZCCHV_HUMAN
Q7Z2W9	RM21_HUMAN
Q7Z2Z2	EFL1_HUMAN
Q7Z333	SETX_HUMAN
Q7Z3B4	NUP54_HUMAN
Q7Z3D6	GLUCM_HUMAN
Q7Z3J2	VP35L_HUMAN
Q7Z3K3	POGZ_HUMAN
Q7Z3T8	ZFY16_HUMAN
Q7Z3U7	MON2_HUMAN
Q7Z406	MYH14_HUMAN
Q7Z434	MAVS_HUMAN
Q7Z478	DHX29_HUMAN
Q7Z4G4	TRM11_HUMAN
Q7Z4H3	HDDC2_HUMAN
Q7Z4V5	HDGR2_HUMAN
Q7Z4W1	DCXR_HUMAN
Q7Z5K2	WAPL_HUMAN
Q7Z5L9	I2BP2_HUMAN
Q7Z5R6	AB1IP_HUMAN
Q7Z614	SNX20_HUMAN
Q7Z6I6	RHG30_HUMAN
Q7Z6J4	FGD2_HUMAN
Q7Z6K5	ARPIN_HUMAN
Q7Z6L1	TCPR1_HUMAN
Q7Z6Z7	HUWE1_HUMAN
Q7Z739	YTHD3_HUMAN
Q7Z7A4	PXK_HUMAN
Q7Z7C8	TAF8_HUMAN
Q7Z7F0	KHDC4_HUMAN
Q7Z7F7	RM55_HUMAN
Q7Z7G0	TARSH_HUMAN
Q7Z7H5	TMED4_HUMAN
Q7Z7N9	T179B_HUMAN
Q86SX6	GLRX5_HUMAN
Q86SZ2	TPC6B_HUMAN
Q86TI0	TBCD1_HUMAN
Q86TI2	DPP9_HUMAN
Q86TP1	PRUN1_HUMAN
Q86TU7	SETD3_HUMAN
Q86TX2	ACOT1_HUMAN
Q86U28	ISCA2_HUMAN
Q86U38	NOP9_HUMAN
Q86U42	PABP2_HUMAN
Q86U44	MTA70_HUMAN
Q86UA1	PRP39_HUMAN
Q86UE4	LYRIC_HUMAN
Q86UP2	KTN1_HUMAN
Q86UT6	NLRX1_HUMAN
Q86UX2	ITIH5_HUMAN
Q86UX7	URP2_HUMAN
Q86V81	THOC4_HUMAN
Q86V88	MGDP1_HUMAN
Q86VB7	C163A_HUMAN
Q86VM9	ZCH18_HUMAN
Q86VN1	VPS36_HUMAN
Q86VP6	CAND1_HUMAN
Q86VR2	RETR3_HUMAN
Q86VS8	HOOK3_HUMAN
Q86VX2	COMD7_HUMAN
Q86W42	THOC6_HUMAN
Q86W50	MET16_HUMAN
Q86W92	LIPB1_HUMAN
Q86WA6	BPHL_HUMAN
Q86WB0	NIPA_HUMAN
Q86WJ1	CHD1L_HUMAN
Q86WN1	FCSD1_HUMAN
Q86WQ0	NR2CA_HUMAN
Q86WV1	SKAP1_HUMAN
Q86WV6	STING_HUMAN
Q86X10	RLGPB_HUMAN
Q86X27	RGPS2_HUMAN
Q86X55	CARM1_HUMAN
Q86X76	NIT1_HUMAN
Q86X83	COMD2_HUMAN
Q86XL3	ANKL2_HUMAN
Q86XP3	DDX42_HUMAN
Q86XR2	NIBA3_HUMAN
Q86Y39	NDUAB_HUMAN
Q86Y82	STX12_HUMAN
Q86YP4	P66A_HUMAN
Q86YR5	GPSM1_HUMAN
Q86YS6	RAB43_HUMAN
Q86YS7	C2CD5_HUMAN
Q86YV0	RASL3_HUMAN
Q86YV5	PRAG1_HUMAN
Q8IU81	I2BP1_HUMAN
Q8IU85	KCC1D_HUMAN
Q8IUD2	RB6I2_HUMAN
Q8IUE6	H2A2B_HUMAN
Q8IUF8	RIOX2_HUMAN
Q8IUI8	CRLF3_HUMAN
Q8IUR0	TPPC5_HUMAN
Q8IUR6	CRERF_HUMAN
Q8IUR7	ARMC8_HUMAN
Q8IUX4	ABC3F_HUMAN
Q8IUX7	AEBP1_HUMAN
Q8IUZ5	AT2L2_HUMAN
Q8IV04	TB10C_HUMAN
Q8IV08	PLD3_HUMAN
Q8IV50	LYSM2_HUMAN
Q8IVB4	SL9A9_HUMAN
Q8IVB5	LIX1L_HUMAN
Q8IVD9	NUDC3_HUMAN
Q8IVH4	MMAA_HUMAN
Q8IVM0	CCD50_HUMAN
Q8IW45	NNRD_HUMAN
Q8IWA0	WDR75_HUMAN
Q8IWA5	CTL2_HUMAN
Q8IWB1	IPRI_HUMAN
Q8IWB7	WDFY1_HUMAN
Q8IWV7	UBR1_HUMAN
Q8IWX8	CHERP_HUMAN
Q8IWZ8	SUGP1_HUMAN
Q8IX05	CD302_HUMAN
Q8IX12	CCAR1_HUMAN
Q8IXB1	DJC10_HUMAN
Q8IXH7	NELFD_HUMAN
Q8IXI1	MIRO2_HUMAN
Q8IXI2	MIRO1_HUMAN
Q8IXJ6	SIR2_HUMAN
Q8IXM2	BAP18_HUMAN
Q8IXM3	RM41_HUMAN
Q8IXQ6	PARP9_HUMAN
Q8IXT5	RB12B_HUMAN
Q8IY17	PLPL6_HUMAN
Q8IY18	SMC5_HUMAN
Q8IY21	DDX60_HUMAN
Q8IY67	RAVR1_HUMAN
Q8IY81	SPB1_HUMAN
Q8IY95	TM192_HUMAN
Q8IYB3	SRRM1_HUMAN
Q8IYB8	SUV3_HUMAN
Q8IYI6	EXOC8_HUMAN
Q8IYJ2	CJ067_HUMAN
Q8IYJ3	SYTL1_HUMAN
Q8IYM9	TRI22_HUMAN
Q8IYQ7	THNS1_HUMAN
Q8IYT4	KATL2_HUMAN
Q8IZ07	AN13A_HUMAN
Q8IZ81	ELMD2_HUMAN
Q8IZ83	A16A1_HUMAN
Q8IZH2	XRN1_HUMAN
Q8IZL8	PELP1_HUMAN
Q8IZP0	ABI1_HUMAN
Q8IZQ5	SELH_HUMAN
Q8N0U8	VKORL_HUMAN
Q8N0W3	FCSK_HUMAN
Q8N0X4	CLYBL_HUMAN
Q8N0X7	SPART_HUMAN
Q8N108	MIER1_HUMAN
Q8N122	RPTOR_HUMAN
Q8N131	PORIM_HUMAN
Q8N138	ORML3_HUMAN
Q8N163	CCAR2_HUMAN
Q8N183	NDUF2_HUMAN
Q8N1B4	VPS52_HUMAN
Q8N1F7	NUP93_HUMAN
Q8N1G2	CMTR1_HUMAN
Q8N1G4	LRC47_HUMAN
Q8N1K5	THMS1_HUMAN
Q8N201	INT1_HUMAN
Q8N264	RHG24_HUMAN
Q8N2F6	ARM10_HUMAN
Q8N2G8	GHDC_HUMAN
Q8N2K0	ABD12_HUMAN
Q8N2U0	TM256_HUMAN
Q8N335	GPD1L_HUMAN
Q8N357	S35F6_HUMAN
Q8N386	LRC25_HUMAN
Q8N392	RHG18_HUMAN
Q8N3C0	ASCC3_HUMAN
Q8N3D4	EH1L1_HUMAN
Q8N3P4	VPS8_HUMAN
Q8N3U4	STAG2_HUMAN
Q8N465	D2HDH_HUMAN
Q8N4N3	KLH36_HUMAN
Q8N4P3	MESH1_HUMAN
Q8N4Q0	PTGR3_HUMAN
Q8N4T8	CBR4_HUMAN
Q8N5A5	ZGPAT_HUMAN
Q8N5C6	SRBD1_HUMAN
Q8N5G0	SIM20_HUMAN
Q8N5K1	CISD2_HUMAN
Q8N5M1	ATPF2_HUMAN
Q8N5M9	JAGN1_HUMAN
Q8N5N7	RM50_HUMAN
Q8N684	CPSF7_HUMAN
Q8N697	S15A4_HUMAN
Q8N6H7	ARFG2_HUMAN
Q8N6L1	KTAP2_HUMAN
Q8N6M0	OTU6B_HUMAN
Q8N6S5	AR6P6_HUMAN
Q8N6T3	ARFG1_HUMAN
Q8N766	EMC1_HUMAN
Q8N7H5	PAF1_HUMAN
Q8N806	UBR7_HUMAN
Q8N8A2	ANR44_HUMAN
Q8N8S7	ENAH_HUMAN
Q8N983	RM43_HUMAN
Q8N9N2	ASCC1_HUMAN
Q8N9N7	LRC57_HUMAN
Q8N9N8	EIF1A_HUMAN
Q8N9T8	KRI1_HUMAN
Q8NA61	CBY2_HUMAN
Q8NAV1	PR38A_HUMAN
Q8NB37	GALD1_HUMAN
Q8NB49	AT11C_HUMAN
Q8NB90	AFG2H_HUMAN
Q8NBF2	NHLC2_HUMAN
Q8NBF6	AVL9_HUMAN
Q8NBJ5	GT251_HUMAN
Q8NBJ7	SUMF2_HUMAN
Q8NBL1	PGLT1_HUMAN
Q8NBM4	UBAC2_HUMAN
Q8NBM8	PCYXL_HUMAN
Q8NBQ5	DHB11_HUMAN
Q8NBS9	TXND5_HUMAN
Q8NC51	PAIRB_HUMAN
Q8NC56	LEMD2_HUMAN
Q8NCA5	FA98A_HUMAN
Q8NCE2	MTMRE_HUMAN
Q8NCG7	DGLB_HUMAN
Q8NCN5	PDPR_HUMAN
Q8NCW5	NNRE_HUMAN
Q8ND24	RN214_HUMAN
Q8ND56	LS14A_HUMAN
Q8ND71	GIMA8_HUMAN
Q8ND76	CCNY_HUMAN
Q8NDB2	BANK1_HUMAN
Q8NDC0	MISSL_HUMAN
Q8NDX1	PSD4_HUMAN
Q8NDX5	PHC3_HUMAN
Q8NE71	ABCF1_HUMAN
Q8NE86	MCU_HUMAN
Q8NEB9	PK3C3_HUMAN
Q8NEJ9	NGDN_HUMAN
Q8NEU8	DP13B_HUMAN
Q8NEW0	ZNT7_HUMAN
Q8NEY8	PPHLN_HUMAN
Q8NEZ5	FBX22_HUMAN
Q8NF37	PCAT1_HUMAN
Q8NF50	DOCK8_HUMAN
Q8NF91	SYNE1_HUMAN
Q8NFC6	BD1L1_HUMAN
Q8NFD5	ARI1B_HUMAN
Q8NFF5	FAD1_HUMAN
Q8NFH3	NUP43_HUMAN
Q8NFH4	NUP37_HUMAN
Q8NFH5	NUP35_HUMAN
Q8NFI3	ENASE_HUMAN
Q8NFU3	TSTD1_HUMAN
Q8NFV4	ABHDB_HUMAN
Q8NFW8	NEUA_HUMAN
Q8NHG8	ZNRF2_HUMAN
Q8NHL6	LIRB1_HUMAN
Q8NHP8	PLBL2_HUMAN
Q8NHQ9	DDX55_HUMAN
Q8NHV1	GIMA7_HUMAN
Q8NHV4	NEDD1_HUMAN
Q8NI27	THOC2_HUMAN
Q8NI36	WDR36_HUMAN
Q8NI60	COQ8A_HUMAN
Q8TAE8	G45IP_HUMAN
Q8TAG9	EXOC6_HUMAN
Q8TAQ2	SMRC2_HUMAN
Q8TAT6	NPL4_HUMAN
Q8TB03	CX038_HUMAN
Q8TB24	RIN3_HUMAN
Q8TB61	S35B2_HUMAN
Q8TBA6	GOGA5_HUMAN
Q8TBC4	UBA3_HUMAN
Q8TBF2	PXL2B_HUMAN
Q8TBK6	ZCH10_HUMAN
Q8TBN0	R3GEF_HUMAN
Q8TBP6	S2540_HUMAN
Q8TBX8	PI42C_HUMAN
Q8TC07	TBC15_HUMAN
Q8TC12	RDH11_HUMAN
Q8TCD5	NT5C_HUMAN
Q8TCJ2	STT3B_HUMAN
Q8TCS8	PNPT1_HUMAN
Q8TCT9	HM13_HUMAN
Q8TCU6	PREX1_HUMAN
Q8TD19	NEK9_HUMAN
Q8TD55	PKHO2_HUMAN
Q8TDB6	DTX3L_HUMAN
Q8TDD1	DDX54_HUMAN
Q8TDH9	BL1S5_HUMAN
Q8TDN6	BRX1_HUMAN
Q8TDP1	RNH2C_HUMAN
Q8TDQ7	GNPI2_HUMAN
Q8TDW0	LRC8C_HUMAN
Q8TDX7	NEK7_HUMAN
Q8TDZ2	MICA1_HUMAN
Q8TE73	DYH5_HUMAN
Q8TEA8	DTD1_HUMAN
Q8TEM1	PO210_HUMAN
Q8TEQ0	SNX29_HUMAN
Q8TEQ6	GEMI5_HUMAN
Q8TET4	GANC_HUMAN
Q8TEX9	IPO4_HUMAN
Q8TF05	PP4R1_HUMAN
Q8WTT2	NOC3L_HUMAN
Q8WTW3	COG1_HUMAN
Q8WU39	MZB1_HUMAN
Q8WU76	SCFD2_HUMAN
Q8WU79	SMAP2_HUMAN
Q8WU90	ZC3HF_HUMAN
Q8WUA2	PPIL4_HUMAN
Q8WUA7	TB22A_HUMAN
Q8WUD4	CCD12_HUMAN
Q8WUF8	F172A_HUMAN
Q8WUH1	CHUR_HUMAN
Q8WUH2	TGFA1_HUMAN
Q8WUH6	TM263_HUMAN
Q8WUI4	HDAC7_HUMAN
Q8WUJ3	CEMIP_HUMAN
Q8WUM0	NU133_HUMAN
Q8WUM4	PDC6I_HUMAN
Q8WUW1	BRK1_HUMAN
Q8WUX9	CHMP7_HUMAN
Q8WUY1	THEM6_HUMAN
Q8WV28	BLNK_HUMAN
Q8WVC6	DCAKD_HUMAN
Q8WVJ2	NUDC2_HUMAN
Q8WVK2	SNR27_HUMAN
Q8WVM7	STAG1_HUMAN
Q8WVM8	SCFD1_HUMAN
Q8WVV9	HNRLL_HUMAN
Q8WVY7	UBCP1_HUMAN
Q8WW12	PCNP_HUMAN
Q8WW52	F151A_HUMAN
Q8WW59	SPRY4_HUMAN
Q8WWH5	TRUB1_HUMAN
Q8WWM7	ATX2L_HUMAN
Q8WWM9	CYGB_HUMAN
Q8WWP7	GIMA1_HUMAN
Q8WWQ0	PHIP_HUMAN
Q8WWQ8	STAB2_HUMAN
Q8WWV3	RT4I1_HUMAN
Q8WWW0	RASF5_HUMAN
Q8WWX9	SELM_HUMAN
Q8WWY3	PRP31_HUMAN
Q8WX92	NELFB_HUMAN
Q8WX93	PALLD_HUMAN
Q8WXA9	SREK1_HUMAN
Q8WXF1	PSPC1_HUMAN
Q8WXH0	SYNE2_HUMAN
Q8WXI9	P66B_HUMAN
Q8WXX5	DNJC9_HUMAN
Q8WY22	BRI3B_HUMAN
Q8WYA6	CTBL1_HUMAN
Q8WYJ6	SEPT1_HUMAN
Q8WYP3	RIN2_HUMAN
Q8WYP5	ELYS_HUMAN
Q8WZ82	OVCA2_HUMAN
Q8WZA0	LZIC_HUMAN
Q8WZA9	IRGQ_HUMAN
Q92466	DDB2_HUMAN
Q92499	DDX1_HUMAN
Q92506	DHB8_HUMAN
Q92520	FAM3C_HUMAN
Q92522	H1X_HUMAN
Q92530	PSMF1_HUMAN
Q92538	GBF1_HUMAN
Q92541	RTF1_HUMAN
Q92542	NICA_HUMAN
Q92544	TM9S4_HUMAN
Q92552	RT27_HUMAN
Q92556	ELMO1_HUMAN
Q92572	AP3S1_HUMAN
Q92574	TSC1_HUMAN
Q92575	UBXN4_HUMAN
Q92576	PHF3_HUMAN
Q92581	SL9A6_HUMAN
Q92597	NDRG1_HUMAN
Q92598	HS105_HUMAN
Q92599	SEPT8_HUMAN
Q92600	CNOT9_HUMAN
Q92604	LGAT1_HUMAN
Q92608	DOCK2_HUMAN
Q92609	TBCD5_HUMAN
Q92610	ZN592_HUMAN
Q92614	MY18A_HUMAN
Q92615	LAR4B_HUMAN
Q92616	GCN1_HUMAN
Q92619	HMHA1_HUMAN
Q92620	PRP16_HUMAN
Q92621	NU205_HUMAN
Q92623	TTC9A_HUMAN
Q92629	SGCD_HUMAN
Q92643	GPI8_HUMAN
Q92665	RT31_HUMAN
Q92667	AKAP1_HUMAN
Q92688	AN32B_HUMAN
Q92692	NECT2_HUMAN
Q92696	PGTA_HUMAN
Q92734	TFG_HUMAN
Q92747	ARC1A_HUMAN
Q92769	HDAC2_HUMAN
Q92785	REQU_HUMAN
Q92797	SYMPK_HUMAN
Q92804	RBP56_HUMAN
Q92820	GGH_HUMAN
Q92835	SHIP1_HUMAN
Q92841	DDX17_HUMAN
Q92851	CASPA_HUMAN
Q92878	RAD50_HUMAN
Q92879	CELF1_HUMAN
Q92882	OSTF1_HUMAN
Q92888	ARHG1_HUMAN
Q92890	UFD1_HUMAN
Q92896	GSLG1_HUMAN
Q92900	RENT1_HUMAN
Q92905	CSN5_HUMAN
Q92917	GPKOW_HUMAN
Q92918	M4K1_HUMAN
Q92922	SMRC1_HUMAN
Q92925	SMRD2_HUMAN
Q92930	RAB8B_HUMAN
Q92945	FUBP2_HUMAN
Q92947	GCDH_HUMAN
Q92959	SO2A1_HUMAN
Q92973	TNPO1_HUMAN
Q92974	ARHG2_HUMAN
Q92979	NEP1_HUMAN
Q93008	USP9X_HUMAN
Q93009	UBP7_HUMAN
Q93034	CUL5_HUMAN
Q93045	STMN2_HUMAN
Q93050	VPP1_HUMAN
Q93052	LPP_HUMAN
Q93062	RBPMS_HUMAN
Q93070	NAR4_HUMAN
Q93084	AT2A3_HUMAN
Q969E2	SCAM4_HUMAN
Q969E8	TSR2_HUMAN
Q969G3	SMCE1_HUMAN
Q969G5	CAVN3_HUMAN
Q969H8	MYDGF_HUMAN
Q969J3	BORC5_HUMAN
Q969N2	PIGT_HUMAN
Q969P0	IGSF8_HUMAN
Q969Q0	RL36L_HUMAN
Q969Q5	RAB24_HUMAN
Q969T9	WBP2_HUMAN
Q969U7	PSMG2_HUMAN
Q969V3	NCLN_HUMAN
Q969X1	LFG3_HUMAN
Q969X5	ERGI1_HUMAN
Q969Z3	MARC2_HUMAN
Q96A26	F162A_HUMAN
Q96A33	CCD47_HUMAN
Q96A35	RM24_HUMAN
Q96A57	TM230_HUMAN
Q96A65	EXOC4_HUMAN
Q96AA3	RFT1_HUMAN
Q96AB3	ISOC2_HUMAN
Q96AC1	FERM2_HUMAN
Q96AE4	FUBP1_HUMAN
Q96AG3	S2546_HUMAN
Q96AG4	LRC59_HUMAN
Q96AJ9	VTI1A_HUMAN
Q96AQ6	PBIP1_HUMAN
Q96AT1	K1143_HUMAN
Q96AX1	VP33A_HUMAN
Q96AZ6	ISG20_HUMAN
Q96B26	EXOS8_HUMAN
Q96B45	BORC7_HUMAN
Q96B97	SH3K1_HUMAN
Q96BJ3	AIDA_HUMAN
Q96BM9	ARL8A_HUMAN
Q96BN8	OTUL_HUMAN
Q96BP3	PPWD1_HUMAN
Q96BQ5	CC127_HUMAN
Q96BW5	PTER_HUMAN
Q96BW9	TAM41_HUMAN
Q96BX8	MOB3A_HUMAN
Q96BY6	DOC10_HUMAN
Q96BZ4	PLD4_HUMAN
Q96C01	F136A_HUMAN
Q96C19	EFHD2_HUMAN
Q96C23	GALM_HUMAN
Q96C86	DCPS_HUMAN
Q96C90	PP14B_HUMAN
Q96CD0	FBXL8_HUMAN
Q96CM8	ACSF2_HUMAN
Q96CN7	ISOC1_HUMAN
Q96CP2	FWCH2_HUMAN
Q96CS3	FAF2_HUMAN
Q96CT7	CC124_HUMAN
Q96CU9	FXRD1_HUMAN
Q96CV9	OPTN_HUMAN
Q96CW1	AP2M1_HUMAN
Q96CW5	GCP3_HUMAN
Q96CX2	KCD12_HUMAN
Q96D31	CRCM1_HUMAN
Q96D53	COQ8B_HUMAN
Q96D71	REPS1_HUMAN
Q96D96	HVCN1_HUMAN
Q96DA2	RB39B_HUMAN
Q96DB5	RMD1_HUMAN
Q96DE0	NUD16_HUMAN
Q96DG6	CMBL_HUMAN
Q96DH6	MSI2H_HUMAN
Q96DI7	SNR40_HUMAN
Q96DU3	SLAF6_HUMAN
Q96DV4	RM38_HUMAN
Q96E39	RMXL1_HUMAN
Q96EE3	SEH1_HUMAN
Q96EL3	RM53_HUMAN
Q96EM0	T3HPD_HUMAN
Q96EP0	RNF31_HUMAN
Q96EP5	DAZP1_HUMAN
Q96ES7	SGF29_HUMAN
Q96EV2	RBM33_HUMAN
Q96EV8	DTBP1_HUMAN
Q96EY1	DNJA3_HUMAN
Q96EY4	TMA16_HUMAN
Q96EY7	PTCD3_HUMAN
Q96EY8	MMAB_HUMAN
Q96F07	CYFP2_HUMAN
Q96F15	GIMA5_HUMAN
Q96F85	CNRP1_HUMAN
Q96F86	EDC3_HUMAN
Q96FN4	CPNE2_HUMAN
Q96FQ6	S10AG_HUMAN
Q96FS4	SIPA1_HUMAN
Q96FV2	SCRN2_HUMAN
Q96FV9	THOC1_HUMAN
Q96FW1	OTUB1_HUMAN
Q96FX7	TRM61_HUMAN
Q96FZ7	CHMP6_HUMAN
Q96G03	PGM2_HUMAN
Q96G21	IMP4_HUMAN
Q96G23	CERS2_HUMAN
Q96GD0	PLPP_HUMAN
Q96GG9	DCNL1_HUMAN
Q96GK7	FAH2A_HUMAN
Q96GM5	SMRD1_HUMAN
Q96GQ5	RUSF1_HUMAN
Q96GQ7	DDX27_HUMAN
Q96GS4	BORC6_HUMAN
Q96GX9	MTNB_HUMAN
Q96GZ6	S41A3_HUMAN
Q96H15	TIMD4_HUMAN
Q96H20	SNF8_HUMAN
Q96HC4	PDLI5_HUMAN
Q96HE7	ERO1A_HUMAN
Q96HJ9	FMC1_HUMAN
Q96HN2	SAHH3_HUMAN
Q96HR3	MED30_HUMAN
Q96HS1	PGAM5_HUMAN
Q96HY6	DDRGK_HUMAN
Q96I15	SCLY_HUMAN
Q96I24	FUBP3_HUMAN
Q96I25	SPF45_HUMAN
Q96I51	RCC1L_HUMAN
Q96I59	SYNM_HUMAN
Q96I99	SUCB2_HUMAN
Q96II8	LRCH3_HUMAN
Q96IJ6	GMPPA_HUMAN
Q96IU4	ABHEB_HUMAN
Q96IV0	NGLY1_HUMAN
Q96IX5	ATPMK_HUMAN
Q96IZ0	PAWR_HUMAN
Q96J01	THOC3_HUMAN
Q96J02	ITCH_HUMAN
Q96JB5	CK5P3_HUMAN
Q96JC1	VPS39_HUMAN
Q96JG6	VPS50_HUMAN
Q96JH7	VCIP1_HUMAN
Q96JJ3	ELMO2_HUMAN
Q96JJ7	TMX3_HUMAN
Q96JM3	CHAP1_HUMAN
Q96JP5	ZFP91_HUMAN
Q96JY6	PDLI2_HUMAN
Q96K17	BT3L4_HUMAN
Q96K19	RN170_HUMAN
Q96K37	S35E1_HUMAN
Q96K76	UBP47_HUMAN
Q96KA5	CLP1L_HUMAN
Q96KG9	SCYL1_HUMAN
Q96KP1	EXOC2_HUMAN
Q96KP4	CNDP2_HUMAN
Q96KQ7	EHMT2_HUMAN
Q96KR1	ZFR_HUMAN
Q96L91	EP400_HUMAN
Q96L92	SNX27_HUMAN
Q96LD4	TRI47_HUMAN
Q96LJ7	DHRS1_HUMAN
Q96M27	PRRC1_HUMAN
Q96ME7	ZN512_HUMAN
Q96MM6	HS12B_HUMAN
Q96MU7	YTDC1_HUMAN
Q96MW5	COG8_HUMAN
Q96N66	MBOA7_HUMAN
Q96NB2	SFXN2_HUMAN
Q96NC0	ZMAT2_HUMAN
Q96NT0	CC115_HUMAN
Q96P11	NSUN5_HUMAN
Q96P44	COLA1_HUMAN
Q96P48	ARAP1_HUMAN
Q96P63	SPB12_HUMAN
Q96P70	IPO9_HUMAN
Q96PC5	MIA2_HUMAN
Q96PD5	PGRP2_HUMAN
Q96PE3	INP4A_HUMAN
Q96PK6	RBM14_HUMAN
Q96PP8	GBP5_HUMAN
Q96PU4	UHRF2_HUMAN
Q96PU5	NED4L_HUMAN
Q96PU8	QKI_HUMAN
Q96Q05	TPPC9_HUMAN
Q96Q06	PLIN4_HUMAN
Q96Q11	TRNT1_HUMAN
Q96QD9	UIF_HUMAN
Q96QK1	VPS35_HUMAN
Q96QR8	PURB_HUMAN
Q96QU1	PCD15_HUMAN
Q96QU8	XPO6_HUMAN
Q96RF0	SNX18_HUMAN
Q96RL7	VP13A_HUMAN
Q96RP9	EFGM_HUMAN
Q96RQ3	MCCA_HUMAN
Q96RQ9	OXLA_HUMAN
Q96RS6	NUDC1_HUMAN
Q96RT1	ERBIN_HUMAN
Q96RU3	FNBP1_HUMAN
Q96S15	WDR24_HUMAN
Q96S19	MTL26_HUMAN
Q96S44	PRPK_HUMAN
Q96S52	PIGS_HUMAN
Q96S55	WRIP1_HUMAN
Q96S59	RANB9_HUMAN
Q96S97	MYADM_HUMAN
Q96S99	PKHF1_HUMAN
Q96SB3	NEB2_HUMAN
Q96SB4	SRPK1_HUMAN
Q96SI9	STRBP_HUMAN
Q96ST2	IWS1_HUMAN
Q96ST3	SIN3A_HUMAN
Q96SU4	OSBL9_HUMAN
Q96SZ5	AEDO_HUMAN
Q96T37	RBM15_HUMAN
Q96T51	RUFY1_HUMAN
Q96T60	PNKP_HUMAN
Q96T76	MMS19_HUMAN
Q96TA1	NIBA2_HUMAN
Q96TC7	RMD3_HUMAN
Q99417	MYCBP_HUMAN
Q99426	TBCB_HUMAN
Q99436	PSB7_HUMAN
Q99439	CNN2_HUMAN
Q99442	SEC62_HUMAN
Q99447	PCY2_HUMAN
Q99459	CDC5L_HUMAN
Q99460	PSMD1_HUMAN
Q99467	CD180_HUMAN
Q99471	PFD5_HUMAN
Q99490	AGAP2_HUMAN
Q99497	PARK7_HUMAN
Q99536	VAT1_HUMAN
Q99538	LGMN_HUMAN
Q99543	DNJC2_HUMAN
Q99567	NUP88_HUMAN
Q99570	PI3R4_HUMAN
Q99584	S10AD_HUMAN
Q99590	SCAFB_HUMAN
Q99598	TSNAX_HUMAN
Q99611	SPS2_HUMAN
Q99614	TTC1_HUMAN
Q99615	DNJC7_HUMAN
Q99623	PHB2_HUMAN
Q99627	CSN8_HUMAN
Q99643	C560_HUMAN
Q99653	CHP1_HUMAN
Q99683	M3K5_HUMAN
Q99714	HCD2_HUMAN
Q99715	COCA1_HUMAN
Q99719	SEPT5_HUMAN
Q99720	SGMR1_HUMAN
Q99729	ROAA_HUMAN
Q99731	CCL19_HUMAN
Q99733	NP1L4_HUMAN
Q99735	MGST2_HUMAN
Q99747	SNAG_HUMAN
Q99757	THIOM_HUMAN
Q99766	ATP5S_HUMAN
Q99798	ACON_HUMAN
Q99805	TM9S2_HUMAN
Q99807	COQ7_HUMAN
Q99816	TS101_HUMAN
Q99829	CPNE1_HUMAN
Q99832	TCPH_HUMAN
Q99836	MYD88_HUMAN
Q99848	EBP2_HUMAN
Q99873	ANM1_HUMAN
Q99943	PLCA_HUMAN
Q99961	SH3G1_HUMAN
Q99973	TEP1_HUMAN
Q99986	VRK1_HUMAN
Q9BPW8	NIPS1_HUMAN
Q9BPX5	ARP5L_HUMAN
Q9BQ39	DDX50_HUMAN
Q9BQ52	RNZ2_HUMAN
Q9BQ61	TRIR_HUMAN
Q9BQ67	GRWD1_HUMAN
Q9BQA1	MEP50_HUMAN
Q9BQA9	CYBC1_HUMAN
Q9BQB6	VKOR1_HUMAN
Q9BQD3	KXDL1_HUMAN
Q9BQE3	TBA1C_HUMAN
Q9BQE5	APOL2_HUMAN
Q9BQF6	SENP7_HUMAN
Q9BQG0	MBB1A_HUMAN
Q9BQI9	NRIP2_HUMAN
Q9BR76	COR1B_HUMAN
Q9BRA2	TXD17_HUMAN
Q9BRF8	CPPED_HUMAN
Q9BRG1	VPS25_HUMAN
Q9BRJ6	CG050_HUMAN
Q9BRJ7	TIRR_HUMAN
Q9BRP4	PAAF1_HUMAN
Q9BRP8	PYM1_HUMAN
Q9BRR6	ADPGK_HUMAN
Q9BRR9	RHG09_HUMAN
Q9BRT2	UQCC2_HUMAN
Q9BRT6	LLPH_HUMAN
Q9BRX2	PELO_HUMAN
Q9BRX8	PXL2A_HUMAN
Q9BRZ2	TRI56_HUMAN
Q9BS26	ERP44_HUMAN
Q9BS40	LXN_HUMAN
Q9BSD7	NTPCR_HUMAN
Q9BSF4	TIM29_HUMAN
Q9BSH4	TACO1_HUMAN
Q9BSH5	HDHD3_HUMAN
Q9BSJ2	GCP2_HUMAN
Q9BSJ8	ESYT1_HUMAN
Q9BSV6	SEN34_HUMAN
Q9BT09	CNPY3_HUMAN
Q9BT22	ALG1_HUMAN
Q9BT23	LIMD2_HUMAN
Q9BT40	INP5K_HUMAN
Q9BT78	CSN4_HUMAN
Q9BTC0	DIDO1_HUMAN
Q9BTD8	RBM42_HUMAN
Q9BTE1	DCTN5_HUMAN
Q9BTE3	MCMBP_HUMAN
Q9BTE6	AASD1_HUMAN
Q9BTM9	URM1_HUMAN
Q9BTT0	AN32E_HUMAN
Q9BTU6	P4K2A_HUMAN
Q9BTV4	TMM43_HUMAN
Q9BTW9	TBCD_HUMAN
Q9BTY7	HGH1_HUMAN
Q9BTZ2	DHRS4_HUMAN
Q9BU02	THTPA_HUMAN
Q9BU23	LMF2_HUMAN
Q9BU61	NDUF3_HUMAN
Q9BU76	MMTA2_HUMAN
Q9BUB7	TMM70_HUMAN
Q9BUF5	TBB6_HUMAN
Q9BUH6	PAXX_HUMAN
Q9BUJ2	HNRL1_HUMAN
Q9BUL5	PHF23_HUMAN
Q9BUL8	PDC10_HUMAN
Q9BUN8	DERL1_HUMAN
Q9BUP3	HTAI2_HUMAN
Q9BUQ8	DDX23_HUMAN
Q9BUR5	MIC26_HUMAN
Q9BUT1	BDH2_HUMAN
Q9BV20	MTNA_HUMAN
Q9BV23	ABHD6_HUMAN
Q9BV38	WDR18_HUMAN
Q9BV40	VAMP8_HUMAN
Q9BV44	THUM3_HUMAN
Q9BV68	RN126_HUMAN
Q9BVC4	LST8_HUMAN
Q9BVC6	TM109_HUMAN
Q9BVG4	PBDC1_HUMAN
Q9BVJ6	UT14A_HUMAN
Q9BVJ7	DUS23_HUMAN
Q9BVK6	TMED9_HUMAN
Q9BVL2	NUP58_HUMAN
Q9BVM4	GGACT_HUMAN
Q9BVP2	GNL3_HUMAN
Q9BVQ7	SPA5L_HUMAN
Q9BVT8	TMUB1_HUMAN
Q9BW27	NUP85_HUMAN
Q9BW30	TPPP3_HUMAN
Q9BW71	HIRP3_HUMAN
Q9BW92	SYTM_HUMAN
Q9BWD1	THIC_HUMAN
Q9BWF3	RBM4_HUMAN
Q9BWH2	FUND2_HUMAN
Q9BWJ5	SF3B5_HUMAN
Q9BWM7	SFXN3_HUMAN
Q9BWN1	PRR14_HUMAN
Q9BWS9	CHID1_HUMAN
Q9BWU0	NADAP_HUMAN
Q9BX40	LS14B_HUMAN
Q9BX66	SRBS1_HUMAN
Q9BX68	HINT2_HUMAN
Q9BX95	SGPP1_HUMAN
Q9BX97	PLVAP_HUMAN
Q9BXB4	OSB11_HUMAN
Q9BXD5	NPL_HUMAN
Q9BXF6	RFIP5_HUMAN
Q9BXI6	TB10A_HUMAN
Q9BXJ0	C1QT5_HUMAN
Q9BXJ4	C1QT3_HUMAN
Q9BXJ9	NAA15_HUMAN
Q9BXK5	B2L13_HUMAN
Q9BXL7	CAR11_HUMAN
Q9BXN1	ASPN_HUMAN
Q9BXP2	S12A9_HUMAN
Q9BXP5	SRRT_HUMAN
Q9BXR0	TGT_HUMAN
Q9BXS5	AP1M1_HUMAN
Q9BXV9	GON7_HUMAN
Q9BXW7	HDHD5_HUMAN
Q9BXX0	EMIL2_HUMAN
Q9BXY0	MAK16_HUMAN
Q9BY11	PACN1_HUMAN
Q9BY32	ITPA_HUMAN
Q9BY42	RTF2_HUMAN
Q9BY43	CHM4A_HUMAN
Q9BY44	EIF2A_HUMAN
Q9BY50	SC11C_HUMAN
Q9BY77	PDIP3_HUMAN
Q9BYD1	RM13_HUMAN
Q9BYD2	RM09_HUMAN
Q9BYD3	RM04_HUMAN
Q9BYD6	RM01_HUMAN
Q9BYM8	HOIL1_HUMAN
Q9BYN8	RT26_HUMAN
Q9BYT8	NEUL_HUMAN
Q9BYX4	IFIH1_HUMAN
Q9BZ23	PANK2_HUMAN
Q9BZ29	DOCK9_HUMAN
Q9BZE1	RM37_HUMAN
Q9BZE4	GTPB4_HUMAN
Q9BZE9	ASPC1_HUMAN
Q9BZF1	OSBL8_HUMAN
Q9BZG1	RAB34_HUMAN
Q9BZH6	WDR11_HUMAN
Q9BZI7	REN3B_HUMAN
Q9BZJ0	CRNL1_HUMAN
Q9BZK7	TBL1R_HUMAN
Q9BZL1	UBL5_HUMAN
Q9BZL4	PP12C_HUMAN
Q9BZL6	KPCD2_HUMAN
Q9BZQ8	NIBA1_HUMAN
Q9BZV1	UBXN6_HUMAN
Q9BZZ2	SN_HUMAN
Q9BZZ5	API5_HUMAN
Q9C000	NLRP1_HUMAN
Q9C005	DPY30_HUMAN
Q9C035	TRIM5_HUMAN
Q9C0B1	FTO_HUMAN
Q9C0C2	TB182_HUMAN
Q9C0C9	UBE2O_HUMAN
Q9C0E2	XPO4_HUMAN
Q9C0E8	LNP_HUMAN
Q9C0J8	WDR33_HUMAN
Q9C0K0	BC11B_HUMAN
Q9GZL7	WDR12_HUMAN
Q9GZM7	TINAL_HUMAN
Q9GZN8	CT027_HUMAN
Q9GZP4	PITH1_HUMAN
Q9GZQ3	COMD5_HUMAN
Q9GZR7	DDX24_HUMAN
Q9GZS3	WDR61_HUMAN
Q9GZT3	SLIRP_HUMAN
Q9GZT6	CC90B_HUMAN
Q9GZT8	NIF3L_HUMAN
Q9GZU8	PIP30_HUMAN
Q9GZY6	NTAL_HUMAN
Q9GZY8	MFF_HUMAN
Q9GZZ1	NAA50_HUMAN
Q9GZZ9	UBA5_HUMAN
Q9H008	LHPP_HUMAN
Q9H019	MFR1L_HUMAN
Q9H061	T126A_HUMAN
Q9H074	PAIP1_HUMAN
Q9H078	CLPB_HUMAN
Q9H089	LSG1_HUMAN
Q9H098	F107B_HUMAN
Q9H0A0	NAT10_HUMAN
Q9H0A8	COMD4_HUMAN
Q9H0C8	ILKAP_HUMAN
Q9H0D6	XRN2_HUMAN
Q9H0E2	TOLIP_HUMAN
Q9H0J9	PAR12_HUMAN
Q9H0L4	CSTFT_HUMAN
Q9H0P0	5NT3A_HUMAN
Q9H0Q0	CYRIA_HUMAN
Q9H0R4	HDHD2_HUMAN
Q9H0S4	DDX47_HUMAN
Q9H0U3	MAGT1_HUMAN
Q9H0U4	RAB1B_HUMAN
Q9H0U6	RM18_HUMAN
Q9H0V9	LMA2L_HUMAN
Q9H0W8	SMG9_HUMAN
Q9H0W9	CK054_HUMAN
Q9H147	TDIF1_HUMAN
Q9H1B7	I2BPL_HUMAN
Q9H1D9	RPC6_HUMAN
Q9H1E3	NUCKS_HUMAN
Q9H1E5	TMX4_HUMAN
Q9H1I8	ASCC2_HUMAN
Q9H1Y0	ATG5_HUMAN
Q9H1Z4	WDR13_HUMAN
Q9H223	EHD4_HUMAN
Q9H267	VP33B_HUMAN
Q9H269	VPS16_HUMAN
Q9H270	VPS11_HUMAN
Q9H299	SH3L3_HUMAN
Q9H2D6	TARA_HUMAN
Q9H2G2	SLK_HUMAN
Q9H2H8	PPIL3_HUMAN
Q9H2J4	PDCL3_HUMAN
Q9H2K8	TAOK3_HUMAN
Q9H2M9	RBGPR_HUMAN
Q9H2P0	ADNP_HUMAN
Q9H2U1	DHX36_HUMAN
Q9H2U2	IPYR2_HUMAN
Q9H2V7	SPNS1_HUMAN
Q9H2W6	RM46_HUMAN
Q9H2X3	CLC4M_HUMAN
Q9H307	PININ_HUMAN
Q9H330	TM245_HUMAN
Q9H3G5	CPVL_HUMAN
Q9H3H3	CK068_HUMAN
Q9H3K2	GHITM_HUMAN
Q9H3K6	BOLA2_HUMAN
Q9H3M7	TXNIP_HUMAN
Q9H3N1	TMX1_HUMAN
Q9H3P2	NELFA_HUMAN
Q9H3P7	GCP60_HUMAN
Q9H3Q1	BORG4_HUMAN
Q9H3S4	TPK1_HUMAN
Q9H3S7	PTN23_HUMAN
Q9H3U1	UN45A_HUMAN
Q9H400	LIME1_HUMAN
Q9H410	DSN1_HUMAN
Q9H444	CHM4B_HUMAN
Q9H488	OFUT1_HUMAN
Q9H4A3	WNK1_HUMAN
Q9H4A4	AMPB_HUMAN
Q9H4E7	DEFI6_HUMAN
Q9H4G0	E41L1_HUMAN
Q9H4G4	GAPR1_HUMAN
Q9H4L4	SENP3_HUMAN
Q9H4M9	EHD1_HUMAN
Q9H4Z3	CAPAM_HUMAN
Q9H553	ALG2_HUMAN
Q9H583	HEAT1_HUMAN
Q9H5N1	RABE2_HUMAN
Q9H5X1	CIA2A_HUMAN
Q9H6A0	DEN2D_HUMAN
Q9H6E4	CC134_HUMAN
Q9H6K4	OPA3_HUMAN
Q9H6Q4	CIAO3_HUMAN
Q9H6R4	NOL6_HUMAN
Q9H6U8	ALG9_HUMAN
Q9H6W3	RIOX1_HUMAN
Q9H6Z4	RANB3_HUMAN
Q9H773	DCTP1_HUMAN
Q9H7B2	RPF2_HUMAN
Q9H7C9	AAMDC_HUMAN
Q9H7D7	WDR26_HUMAN
Q9H7M9	VISTA_HUMAN
Q9H7Z7	PGES2_HUMAN
Q9H814	PHAX_HUMAN
Q9H832	UBE2Z_HUMAN
Q9H845	ACAD9_HUMAN
Q9H875	PKRI1_HUMAN
Q9H8H0	NOL11_HUMAN
Q9H8H3	MET7A_HUMAN
Q9H8L6	MMRN2_HUMAN
Q9H8S9	MOB1A_HUMAN
Q9H8W4	PKHF2_HUMAN
Q9H8Y8	GORS2_HUMAN
Q9H910	JUPI2_HUMAN
Q9H944	MED20_HUMAN
Q9H993	ARMT1_HUMAN
Q9H9A6	LRC40_HUMAN
Q9H9B4	SFXN1_HUMAN
Q9H9E3	COG4_HUMAN
Q9H9J2	RM44_HUMAN
Q9H9Q2	CSN7B_HUMAN
Q9H9Q4	NHEJ1_HUMAN
Q9H9T3	ELP3_HUMAN
Q9HA64	KT3K_HUMAN
Q9HA65	TBC17_HUMAN
Q9HA77	SYCM_HUMAN
Q9HAB8	PPCS_HUMAN
Q9HAF1	EAF6_HUMAN
Q9HAJ7	SP30L_HUMAN
Q9HAN9	NMNA1_HUMAN
Q9HAT2	SIAE_HUMAN
Q9HAU5	RENT2_HUMAN
Q9HAV0	GBB4_HUMAN
Q9HAV4	XPO5_HUMAN
Q9HAV7	GRPE1_HUMAN
Q9HB07	MYG1_HUMAN
Q9HB19	PKHA2_HUMAN
Q9HB40	RISC_HUMAN
Q9HB58	SP110_HUMAN
Q9HB71	CYBP_HUMAN
Q9HBH0	RHOF_HUMAN
Q9HBH5	RDH14_HUMAN
Q9HBI0	PARVG_HUMAN
Q9HBL0	TENS1_HUMAN
Q9HBL7	PLRKT_HUMAN
Q9HBM6	TAF9B_HUMAN
Q9HC16	ABC3G_HUMAN
Q9HC35	EMAL4_HUMAN
Q9HC38	GLOD4_HUMAN
Q9HCC0	MCCB_HUMAN
Q9HCD5	NCOA5_HUMAN
Q9HCE5	MET14_HUMAN
Q9HCN4	GPN1_HUMAN
Q9HCS7	SYF1_HUMAN
Q9HCU5	PREB_HUMAN
Q9HD15	SRA1_HUMAN
Q9HD20	AT131_HUMAN
Q9HD33	RM47_HUMAN
Q9HD34	LYRM4_HUMAN
Q9HD42	CHM1A_HUMAN
Q9HD45	TM9S3_HUMAN
Q9HD47	MOG1_HUMAN
Q9HD89	RETN_HUMAN
Q9HDC9	APMAP_HUMAN
Q9NNW7	TRXR2_HUMAN
Q9NNX1	TUFT1_HUMAN
Q9NNX6	CD209_HUMAN
Q9NP61	ARFG3_HUMAN
Q9NP72	RAB18_HUMAN
Q9NP77	SSU72_HUMAN
Q9NP79	VTA1_HUMAN
Q9NP81	SYSM_HUMAN
Q9NP92	RT30_HUMAN
Q9NP97	DLRB1_HUMAN
Q9NPA8	ENY2_HUMAN
Q9NPD3	EXOS4_HUMAN
Q9NPF4	OSGEP_HUMAN
Q9NPF5	DMAP1_HUMAN
Q9NPH2	INO1_HUMAN
Q9NPJ3	ACO13_HUMAN
Q9NPJ6	MED4_HUMAN
Q9NPQ8	RIC8A_HUMAN
Q9NPY3	C1QR1_HUMAN
Q9NQ48	LZTL1_HUMAN
Q9NQ50	RM40_HUMAN
Q9NQ55	SSF1_HUMAN
Q9NQ88	TIGAR_HUMAN
Q9NQA3	WASH6_HUMAN
Q9NQC3	RTN4_HUMAN
Q9NQC7	CYLD_HUMAN
Q9NQG5	RPR1B_HUMAN
Q9NQP4	PFD4_HUMAN
Q9NQR4	NIT2_HUMAN
Q9NQT5	EXOS3_HUMAN
Q9NQW7	XPP1_HUMAN
Q9NQX3	GEPH_HUMAN
Q9NQX4	MYO5C_HUMAN
Q9NQZ5	STAR7_HUMAN
Q9NR12	PDLI7_HUMAN
Q9NR16	C163B_HUMAN
Q9NR28	DBLOH_HUMAN
Q9NR30	DDX21_HUMAN
Q9NR31	SAR1A_HUMAN
Q9NR45	SIAS_HUMAN
Q9NR46	SHLB2_HUMAN
Q9NR50	EI2BG_HUMAN
Q9NR56	MBNL1_HUMAN
Q9NRD1	FBX6_HUMAN
Q9NRF8	PYRG2_HUMAN
Q9NRF9	DPOE3_HUMAN
Q9NRG9	AAAS_HUMAN
Q9NRL3	STRN4_HUMAN
Q9NRN5	OLFL3_HUMAN
Q9NRN7	ADPPT_HUMAN
Q9NRP0	OSTC_HUMAN
Q9NRR3	C42S2_HUMAN
Q9NRR5	UBQL4_HUMAN
Q9NRS6	SNX15_HUMAN
Q9NRV9	HEBP1_HUMAN
Q9NRW3	ABC3C_HUMAN
Q9NRW7	VPS45_HUMAN
Q9NRX1	PNO1_HUMAN
Q9NRX4	PHP14_HUMAN
Q9NRY2	SOSSC_HUMAN
Q9NRY5	F1142_HUMAN
Q9NRZ7	PLCC_HUMAN
Q9NS69	TOM22_HUMAN
Q9NS86	LANC2_HUMAN
Q9NSD9	SYFB_HUMAN
Q9NSE4	SYIM_HUMAN
Q9NSK0	KLC4_HUMAN
Q9NSK7	CS012_HUMAN
Q9NSU2	TREX1_HUMAN
Q9NSY1	BMP2K_HUMAN
Q9NT62	ATG3_HUMAN
Q9NTG7	SIR3_HUMAN
Q9NTI5	PDS5B_HUMAN
Q9NTJ4	MA2C1_HUMAN
Q9NTJ5	SAC1_HUMAN
Q9NTK5	OLA1_HUMAN
Q9NTM9	CUTC_HUMAN
Q9NTX5	ECHD1_HUMAN
Q9NTZ6	RBM12_HUMAN
Q9NUB1	ACS2L_HUMAN
Q9NUJ1	ABHDA_HUMAN
Q9NUL5	SHFL_HUMAN
Q9NUP1	BL1S4_HUMAN
Q9NUP9	LIN7C_HUMAN
Q9NUQ2	PLCE_HUMAN
Q9NUQ6	SPS2L_HUMAN
Q9NUQ7	UFSP2_HUMAN
Q9NUQ8	ABCF3_HUMAN
Q9NUQ9	CYRIB_HUMAN
Q9NUU6	OTULL_HUMAN
Q9NUV9	GIMA4_HUMAN
Q9NV31	IMP3_HUMAN
Q9NV56	MRGBP_HUMAN
Q9NV70	EXOC1_HUMAN
Q9NV96	CC50A_HUMAN
Q9NVA1	UQCC1_HUMAN
Q9NVA2	SEP11_HUMAN
Q9NVD7	PARVA_HUMAN
Q9NVE7	PANK4_HUMAN
Q9NVG8	TBC13_HUMAN
Q9NVH1	DJC11_HUMAN
Q9NVH6	TMLH_HUMAN
Q9NVI7	ATD3A_HUMAN
Q9NVJ2	ARL8B_HUMAN
Q9NVK5	FGOP2_HUMAN
Q9NVM9	INT13_HUMAN
Q9NVP1	DDX18_HUMAN
Q9NVS2	RT18A_HUMAN
Q9NVS9	PNPO_HUMAN
Q9NVT9	ARMC1_HUMAN
Q9NVU7	SDA1_HUMAN
Q9NVX2	NLE1_HUMAN
Q9NVZ3	NECP2_HUMAN
Q9NW13	RBM28_HUMAN
Q9NW64	RBM22_HUMAN
Q9NW82	WDR70_HUMAN
Q9NWB6	ARGL1_HUMAN
Q9NWH9	SLTM_HUMAN
Q9NWS0	PIHD1_HUMAN
Q9NWT6	HIF1N_HUMAN
Q9NWU1	OXSM_HUMAN
Q9NWU2	GID8_HUMAN
Q9NWU5	RM22_HUMAN
Q9NWV4	CZIB_HUMAN
Q9NWV8	BABA1_HUMAN
Q9NWW5	CLN6_HUMAN
Q9NWY4	HPF1_HUMAN
Q9NWZ3	IRAK4_HUMAN
Q9NWZ8	GEMI8_HUMAN
Q9NX00	TM160_HUMAN
Q9NX14	NDUBB_HUMAN
Q9NX24	NHP2_HUMAN
Q9NX40	OCAD1_HUMAN
Q9NX46	ADPRS_HUMAN
Q9NX55	HYPK_HUMAN
Q9NX58	LYAR_HUMAN
Q9NX62	IMPA3_HUMAN
Q9NX63	MIC19_HUMAN
Q9NXA8	SIR5_HUMAN
Q9NXC5	MIO_HUMAN
Q9NXE4	NSMA3_HUMAN
Q9NXF1	TEX10_HUMAN
Q9NXG2	THUM1_HUMAN
Q9NXH8	TOR4A_HUMAN
Q9NXH9	TRM1_HUMAN
Q9NXV6	CARF_HUMAN
Q9NXX6	NSE4A_HUMAN
Q9NY12	GAR1_HUMAN
Q9NY15	STAB1_HUMAN
Q9NY27	PP4R2_HUMAN
Q9NY33	DPP3_HUMAN
Q9NYB0	TE2IP_HUMAN
Q9NYF8	BCLF1_HUMAN
Q9NYK5	RM39_HUMAN
Q9NYL2	M3K20_HUMAN
Q9NYL4	FKB11_HUMAN
Q9NYL9	TMOD3_HUMAN
Q9NYU2	UGGG1_HUMAN
Q9NZ01	TECR_HUMAN
Q9NZ08	ERAP1_HUMAN
Q9NZ32	ARP10_HUMAN
Q9NZ43	USE1_HUMAN
Q9NZ45	CISD1_HUMAN
Q9NZ63	TLS1_HUMAN
Q9NZB2	F120A_HUMAN
Q9NZC9	SMAL1_HUMAN
Q9NZD8	SPG21_HUMAN
Q9NZI7	UBIP1_HUMAN
Q9NZJ7	MTCH1_HUMAN
Q9NZJ9	NUDT4_HUMAN
Q9NZK5	ADA2_HUMAN
Q9NZL9	MAT2B_HUMAN
Q9NZM1	MYOF_HUMAN
Q9NZM3	ITSN2_HUMAN
Q9NZN3	EHD3_HUMAN
Q9NZN4	EHD2_HUMAN
Q9NZN8	CNOT2_HUMAN
Q9NZT1	CALL5_HUMAN
Q9NZT2	OGFR_HUMAN
Q9NZU5	LMCD1_HUMAN
Q9P000	COMD9_HUMAN
Q9P003	CNIH4_HUMAN
Q9P013	CWC15_HUMAN
Q9P015	RM15_HUMAN
Q9P016	THYN1_HUMAN
Q9P032	NDUF4_HUMAN
Q9P035	HACD3_HUMAN
Q9P0I2	EMC3_HUMAN
Q9P0J0	NDUAD_HUMAN
Q9P0J1	PDP1_HUMAN
Q9P0J7	KCMF1_HUMAN
Q9P0K7	RAI14_HUMAN
Q9P0L0	VAPA_HUMAN
Q9P0M6	H2AW_HUMAN
Q9P0P0	RN181_HUMAN
Q9P0P8	MRES1_HUMAN
Q9P0U4	CXXC1_HUMAN
Q9P0V9	SEP10_HUMAN
Q9P107	GMIP_HUMAN
Q9P1F3	ABRAL_HUMAN
Q9P1Y6	PHRF1_HUMAN
Q9P253	VPS18_HUMAN
Q9P258	RCC2_HUMAN
Q9P270	SLAI2_HUMAN
Q9P287	BCCIP_HUMAN
Q9P289	STK26_HUMAN
Q9P2A4	ABI3_HUMAN
Q9P2D3	HTR5B_HUMAN
Q9P2E9	RRBP1_HUMAN
Q9P2I0	CPSF2_HUMAN
Q9P2J5	SYLC_HUMAN
Q9P2K3	RCOR3_HUMAN
Q9P2N5	RBM27_HUMAN
Q9P2R3	ANFY1_HUMAN
Q9P2R7	SUCB1_HUMAN
Q9P2T1	GMPR2_HUMAN
Q9P2X0	DPM3_HUMAN
Q9UBB4	ATX10_HUMAN
Q9UBB5	MBD2_HUMAN
Q9UBB9	TFP11_HUMAN
Q9UBC2	EP15R_HUMAN
Q9UBE0	SAE1_HUMAN
Q9UBF2	COPG2_HUMAN
Q9UBI1	COMD3_HUMAN
Q9UBI6	GBG12_HUMAN
Q9UBI9	HDC_HUMAN
Q9UBK9	UXT_HUMAN
Q9UBL3	ASH2L_HUMAN
Q9UBM7	DHCR7_HUMAN
Q9UBN7	HDAC6_HUMAN
Q9UBQ0	VPS29_HUMAN
Q9UBQ5	EIF3K_HUMAN
Q9UBQ7	GRHPR_HUMAN
Q9UBR2	CATZ_HUMAN
Q9UBS0	KS6B2_HUMAN
Q9UBS4	DJB11_HUMAN
Q9UBT2	SAE2_HUMAN
Q9UBU8	MO4L1_HUMAN
Q9UBU9	NXF1_HUMAN
Q9UBV2	SE1L1_HUMAN
Q9UBV8	PEF1_HUMAN
Q9UBW5	BIN2_HUMAN
Q9UBW8	CSN7A_HUMAN
Q9UBX5	FBLN5_HUMAN
Q9UDW1	QCR9_HUMAN
Q9UDY2	ZO2_HUMAN
Q9UDY8	MALT1_HUMAN
Q9UEE9	CFDP1_HUMAN
Q9UEU0	VTI1B_HUMAN
Q9UEW3	MARCO_HUMAN
Q9UEY8	ADDG_HUMAN
Q9UFN0	NPS3A_HUMAN
Q9UFW8	CGBP1_HUMAN
Q9UG22	GIMA2_HUMAN
Q9UG63	ABCF2_HUMAN
Q9UGI8	TES_HUMAN
Q9UGM6	SYWM_HUMAN
Q9UGN4	CLM8_HUMAN
Q9UGP4	LIMD1_HUMAN
Q9UGP8	SEC63_HUMAN
Q9UGT4	SUSD2_HUMAN
Q9UGV2	NDRG3_HUMAN
Q9UH62	ARMX3_HUMAN
Q9UH65	SWP70_HUMAN
Q9UH99	SUN2_HUMAN
Q9UHA4	LTOR3_HUMAN
Q9UHB6	LIMA1_HUMAN
Q9UHB9	SRP68_HUMAN
Q9UHD1	CHRD1_HUMAN
Q9UHD2	TBK1_HUMAN
Q9UHD8	SEPT9_HUMAN
Q9UHD9	UBQL2_HUMAN
Q9UHG3	PCYOX_HUMAN
Q9UHJ6	SHPK_HUMAN
Q9UHL4	DPP2_HUMAN
Q9UHN6	CEIP2_HUMAN
Q9UHP3	UBP25_HUMAN
Q9UHQ9	NB5R1_HUMAN
Q9UHR5	S30BP_HUMAN
Q9UHV9	PFD2_HUMAN
Q9UHX1	PUF60_HUMAN
Q9UHY1	NRBP_HUMAN
Q9UHY7	ENOPH_HUMAN
Q9UI08	EVL_HUMAN
Q9UI09	NDUAC_HUMAN
Q9UI10	EI2BD_HUMAN
Q9UI12	VATH_HUMAN
Q9UI15	TAGL3_HUMAN
Q9UI30	TR112_HUMAN
Q9UIA0	CYH4_HUMAN
Q9UIA9	XPO7_HUMAN
Q9UIB8	SLAF5_HUMAN
Q9UID3	VPS51_HUMAN
Q9UIG0	BAZ1B_HUMAN
Q9UIJ7	KAD3_HUMAN
Q9UIQ6	LCAP_HUMAN
Q9UIS9	MBD1_HUMAN
Q9UIV1	CNOT7_HUMAN
Q9UJ41	RABX5_HUMAN
Q9UJ68	MSRA_HUMAN
Q9UJ70	NAGK_HUMAN
Q9UJA5	TRM6_HUMAN
Q9UJC5	SH3L2_HUMAN
Q9UJS0	CMC2_HUMAN
Q9UJU2	LEF1_HUMAN
Q9UJU6	DBNL_HUMAN
Q9UJV9	DDX41_HUMAN
Q9UJW0	DCTN4_HUMAN
Q9UJX2	CDC23_HUMAN
Q9UJX3	APC7_HUMAN
Q9UJY4	GGA2_HUMAN
Q9UJZ1	STML2_HUMAN
Q9UK41	VPS28_HUMAN
Q9UK59	DBR1_HUMAN
Q9UK76	JUPI1_HUMAN
Q9UKB1	FBW1B_HUMAN
Q9UKD2	MRT4_HUMAN
Q9UKG1	DP13A_HUMAN
Q9UKK3	PARP4_HUMAN
Q9UKK9	NUDT5_HUMAN
Q9UKM9	RALY_HUMAN
Q9UKT9	IKZF3_HUMAN
Q9UKU7	ACAD8_HUMAN
Q9UKV3	ACINU_HUMAN
Q9UKV8	AGO2_HUMAN
Q9UKX7	NUP50_HUMAN
Q9UKY7	CDV3_HUMAN
Q9UKZ1	CNO11_HUMAN
Q9UL03	INT6_HUMAN
Q9UL15	BAG5_HUMAN
Q9UL18	AGO1_HUMAN
Q9UL25	RAB21_HUMAN
Q9UL45	BL1S6_HUMAN
Q9UL46	PSME2_HUMAN
Q9ULA0	DNPEP_HUMAN
Q9ULC4	MCTS1_HUMAN
Q9ULC5	ACSL5_HUMAN
Q9ULD4	BRPF3_HUMAN
Q9ULE6	PALD_HUMAN
Q9ULH1	ASAP1_HUMAN
Q9ULR0	ISY1_HUMAN
Q9ULT8	HECD1_HUMAN
Q9ULU4	PKCB1_HUMAN
Q9ULV4	COR1C_HUMAN
Q9ULW3	ABT1_HUMAN
Q9ULZ2	STAP1_HUMAN
Q9ULZ3	ASC_HUMAN
Q9UM00	TMCO1_HUMAN
Q9UM54	MYO6_HUMAN
Q9UMS4	PRP19_HUMAN
Q9UMS6	SYNP2_HUMAN
Q9UMX0	UBQL1_HUMAN
Q9UMX5	NENF_HUMAN
Q9UMY1	NOL7_HUMAN
Q9UMY4	SNX12_HUMAN
Q9UMZ2	SYNRG_HUMAN
Q9UN36	NDRG2_HUMAN
Q9UN37	VPS4A_HUMAN
Q9UN86	G3BP2_HUMAN
Q9UNE7	CHIP_HUMAN
Q9UNF0	PACN2_HUMAN
Q9UNF1	MAGD2_HUMAN
Q9UNH7	SNX6_HUMAN
Q9UNI6	DUS12_HUMAN
Q9UNK0	STX8_HUMAN
Q9UNL2	SSRG_HUMAN
Q9UNM6	PSD13_HUMAN
Q9UNN5	FAF1_HUMAN
Q9UNN8	EPCR_HUMAN
Q9UNP9	PPIE_HUMAN
Q9UNQ2	DIM1_HUMAN
Q9UNS2	CSN3_HUMAN
Q9UNW9	NOVA2_HUMAN
Q9UNZ2	NSF1C_HUMAN
Q9UP83	COG5_HUMAN
Q9UPN3	MACF1_HUMAN
Q9UPN6	SCAF8_HUMAN
Q9UPN7	PP6R1_HUMAN
Q9UPN9	TRI33_HUMAN
Q9UPT5	EXOC7_HUMAN
Q9UPT8	ZC3H4_HUMAN
Q9UPU5	UBP24_HUMAN
Q9UPU7	TBD2B_HUMAN
Q9UQ13	SHOC2_HUMAN
Q9UQ16	DYN3_HUMAN
Q9UQ35	SRRM2_HUMAN
Q9UQ80	PA2G4_HUMAN
Q9UQE7	SMC3_HUMAN
Q9UQN3	CHM2B_HUMAN
Q9UQR1	ZN148_HUMAN
Q9Y217	MTMR6_HUMAN
Q9Y221	NIP7_HUMAN
Q9Y223	GLCNE_HUMAN
Q9Y224	RTRAF_HUMAN
Q9Y228	T3JAM_HUMAN
Q9Y230	RUVB2_HUMAN
Q9Y241	HIG1A_HUMAN
Q9Y259	CHKB_HUMAN
Q9Y262	EIF3L_HUMAN
Q9Y263	PLAP_HUMAN
Q9Y265	RUVB1_HUMAN
Q9Y266	NUDC_HUMAN
Q9Y276	BCS1_HUMAN
Q9Y277	VDAC3_HUMAN
Q9Y281	COF2_HUMAN
Q9Y282	ERGI3_HUMAN
Q9Y285	SYFA_HUMAN
Q9Y291	RT33_HUMAN
Q9Y294	ASF1A_HUMAN
Q9Y295	DRG1_HUMAN
Q9Y296	TPPC4_HUMAN
Q9Y2A7	NCKP1_HUMAN
Q9Y2B0	CNPY2_HUMAN
Q9Y2D0	CAH5B_HUMAN
Q9Y2D5	AKAP2_HUMAN
Q9Y2E5	MA2B2_HUMAN
Q9Y2G2	CARD8_HUMAN
Q9Y2H0	DLGP4_HUMAN
Q9Y2H1	ST38L_HUMAN
Q9Y2I8	WDR37_HUMAN
Q9Y2J2	E41L3_HUMAN
Q9Y2K2	SIK3_HUMAN
Q9Y2K7	KDM2A_HUMAN
Q9Y2L1	RRP44_HUMAN
Q9Y2L5	TPPC8_HUMAN
Q9Y2L9	LRCH1_HUMAN
Q9Y2P8	RCL1_HUMAN
Q9Y2Q0	AT8A1_HUMAN
Q9Y2Q3	GSTK1_HUMAN
Q9Y2Q5	LTOR2_HUMAN
Q9Y2Q9	RT28_HUMAN
Q9Y2R0	COA3_HUMAN
Q9Y2S2	CRYL1_HUMAN
Q9Y2S6	TMA7_HUMAN
Q9Y2S7	PDIP2_HUMAN
Q9Y2T2	AP3M1_HUMAN
Q9Y2U8	MAN1_HUMAN
Q9Y2V2	CHSP1_HUMAN
Q9Y2V7	COG6_HUMAN
Q9Y2W1	TR150_HUMAN
Q9Y2W2	WBP11_HUMAN
Q9Y2X3	NOP58_HUMAN
Q9Y2X7	GIT1_HUMAN
Q9Y2Y0	AR2BP_HUMAN
Q9Y2Y8	PRG3_HUMAN
Q9Y2Z0	SGT1_HUMAN
Q9Y2Z4	SYYM_HUMAN
Q9Y2Z9	COQ6_HUMAN
Q9Y303	NAGA_HUMAN
Q9Y305	ACOT9_HUMAN
Q9Y314	NOSIP_HUMAN
Q9Y315	DEOC_HUMAN
Q9Y316	MEMO1_HUMAN
Q9Y320	TMX2_HUMAN
Q9Y333	LSM2_HUMAN
Q9Y365	STA10_HUMAN
Q9Y371	SHLB1_HUMAN
Q9Y376	CAB39_HUMAN
Q9Y383	LC7L2_HUMAN
Q9Y385	UB2J1_HUMAN
Q9Y394	DHRS7_HUMAN
Q9Y399	RT02_HUMAN
Q9Y3A3	PHOCN_HUMAN
Q9Y3A5	SBDS_HUMAN
Q9Y3A6	TMED5_HUMAN
Q9Y3B2	EXOS1_HUMAN
Q9Y3B3	TMED7_HUMAN
Q9Y3B4	SF3B6_HUMAN
Q9Y3B7	RM11_HUMAN
Q9Y3B8	ORN_HUMAN
Q9Y3B9	RRP15_HUMAN
Q9Y3C0	WASC3_HUMAN
Q9Y3C1	NOP16_HUMAN
Q9Y3C6	PPIL1_HUMAN
Q9Y3C8	UFC1_HUMAN
Q9Y3D0	CIA2B_HUMAN
Q9Y3D3	RT16_HUMAN
Q9Y3D6	FIS1_HUMAN
Q9Y3D9	RT23_HUMAN
Q9Y3E1	HDGR3_HUMAN
Q9Y3E7	CHMP3_HUMAN
Q9Y3F4	STRAP_HUMAN
Q9Y3I0	RTCB_HUMAN
Q9Y3I1	FBX7_HUMAN
Q9Y3L3	3BP1_HUMAN
Q9Y3L5	RAP2C_HUMAN
Q9Y3P8	SIT1_HUMAN
Q9Y3P9	RBGP1_HUMAN
Q9Y3Q8	T22D4_HUMAN
Q9Y3R5	DOP2_HUMAN
Q9Y3T9	NOC2L_HUMAN
Q9Y3U8	RL36_HUMAN
Q9Y3X0	CCDC9_HUMAN
Q9Y3Y2	CHTOP_HUMAN
Q9Y3Z3	SAMH1_HUMAN
Q9Y450	HBS1L_HUMAN
Q9Y478	AAKB1_HUMAN
Q9Y490	TLN1_HUMAN
Q9Y4A5	TRRAP_HUMAN
Q9Y4B6	DCAF1_HUMAN
Q9Y4E6	WDR7_HUMAN
Q9Y4E8	UBP15_HUMAN
Q9Y4F1	FARP1_HUMAN
Q9Y4F9	RIPR2_HUMAN
Q9Y4G6	TLN2_HUMAN
Q9Y4I1	MYO5A_HUMAN
Q9Y4K1	CRBG1_HUMAN
Q9Y4K3	TRAF6_HUMAN
Q9Y4L1	HYOU1_HUMAN
Q9Y4P1	ATG4B_HUMAN
Q9Y4P3	TBL2_HUMAN
Q9Y4P8	WIPI2_HUMAN
Q9Y4W2	LAS1L_HUMAN
Q9Y4W6	AFG32_HUMAN
Q9Y4X5	ARI1_HUMAN
Q9Y4Y9	LSM5_HUMAN
Q9Y4Z0	LSM4_HUMAN
Q9Y512	SAM50_HUMAN
Q9Y520	PRC2C_HUMAN
Q9Y530	OARD1_HUMAN
Q9Y547	IFT25_HUMAN
Q9Y570	PPME1_HUMAN
Q9Y572	RIPK3_HUMAN
Q9Y580	RBM7_HUMAN
Q9Y584	TIM22_HUMAN
Q9Y587	AP4S1_HUMAN
Q9Y5A7	NUB1_HUMAN
Q9Y5A9	YTHD2_HUMAN
Q9Y5B0	CTDP1_HUMAN
Q9Y5B9	SP16H_HUMAN
Q9Y5J1	UTP18_HUMAN
Q9Y5J7	TIM9_HUMAN
Q9Y5K5	UCHL5_HUMAN
Q9Y5K6	CD2AP_HUMAN
Q9Y5K8	VATD_HUMAN
Q9Y5L0	TNPO3_HUMAN
Q9Y5L4	TIM13_HUMAN
Q9Y5M8	SRPRB_HUMAN
Q9Y5P4	CERT_HUMAN
Q9Y5P6	GMPPB_HUMAN
Q9Y5Q8	TF3C5_HUMAN
Q9Y5Q9	TF3C3_HUMAN
Q9Y5S2	MRCKB_HUMAN
Q9Y5S9	RBM8A_HUMAN
Q9Y5X1	SNX9_HUMAN
Q9Y5X2	SNX8_HUMAN
Q9Y5X3	SNX5_HUMAN
Q9Y5Y2	NUBP2_HUMAN
Q9Y5Y5	PEX16_HUMAN
Q9Y5Z4	HEBP2_HUMAN
Q9Y606	TRUA_HUMAN
Q9Y608	LRRF2_HUMAN
Q9Y613	FHOD1_HUMAN
Q9Y624	JAM1_HUMAN
Q9Y639	NPTN_HUMAN
Q9Y646	CBPQ_HUMAN
Q9Y672	ALG6_HUMAN
Q9Y673	ALG5_HUMAN
Q9Y676	RT18B_HUMAN
Q9Y678	COPG1_HUMAN
Q9Y679	AUP1_HUMAN
Q9Y696	CLIC4_HUMAN
Q9Y697	NFS1_HUMAN
Q9Y6A4	CFA20_HUMAN
Q9Y6A5	TACC3_HUMAN
Q9Y6A9	SPCS1_HUMAN
Q9Y6B6	SAR1B_HUMAN
Q9Y6C2	EMIL1_HUMAN
Q9Y6C9	MTCH2_HUMAN
Q9Y6D5	BIG2_HUMAN
Q9Y6D6	BIG1_HUMAN
Q9Y6D9	MD1L1_HUMAN
Q9Y6E0	STK24_HUMAN
Q9Y6E2	BZW2_HUMAN
Q9Y6G5	COMDA_HUMAN
Q9Y6G9	DC1L1_HUMAN
Q9Y6H1	CHCH2_HUMAN
Q9Y6I3	EPN1_HUMAN
Q9Y6I4	UBP3_HUMAN
Q9Y6I9	TX264_HUMAN
Q9Y6K5	OAS3_HUMAN
Q9Y6K9	NEMO_HUMAN
Q9Y6M9	NDUB9_HUMAN
Q9Y6N5	SQOR_HUMAN
Q9Y6W5	WASF2_HUMAN
Q9Y6X5	ENPP4_HUMAN
Q9Y6X8	ZHX2_HUMAN
Q9Y6Y8	S23IP_HUMAN
O75563	SKAP2_HUMAN
Q06278	AOXA_HUMAN
Q8WUZ0	BCL7C_HUMAN
Q9UKF6	CPSF3_HUMAN
Q9Y2I1	NISCH_HUMAN
